policyholder_id,group,age,annual_premium,tenure_months,policy_type,region,retained
1,treatment,26,2302.19,37,Home,Midlands,0
2,treatment,62,1439.19,9,Motor,Midlands,1
3,treatment,60,836.86,59,Home,North West,1
4,treatment,73,2475.71,60,Life,South East,1
5,control,31,550.41,18,Life,South East,0
6,treatment,71,1540.45,21,Health,London,1
7,control,61,819.18,14,Motor,Wales,1
8,control,30,2609.36,18,Health,South East,1
9,control,35,1299.49,32,Life,Wales,0
10,treatment,63,2014.44,37,Home,North West,1
11,treatment,68,1175.56,13,Home,London,0
12,control,42,478.71,46,Home,Wales,1
13,control,34,1015.18,37,Life,Wales,0
14,control,48,892.17,23,Health,London,0
15,treatment,34,1994.1,60,Motor,North West,1
16,control,58,978.82,7,Motor,Wales,0
17,control,74,2030.6,20,Life,North West,1
18,treatment,71,2664.8,39,Home,Scotland,0
19,control,65,1670.69,31,Home,South East,0
20,treatment,63,1175.22,8,Motor,South East,0
21,control,40,456.4,16,Motor,Wales,0
22,treatment,73,1738.31,22,Home,Wales,1
23,treatment,41,1724.72,60,Home,Scotland,0
24,treatment,70,1141.63,53,Health,Scotland,1
25,treatment,39,472.87,8,Home,Scotland,1
26,treatment,70,2003.98,35,Motor,London,0
27,treatment,57,942.61,68,Home,Scotland,1
28,control,40,2418.47,58,Home,London,1
29,control,47,1443.66,65,Motor,Wales,0
30,treatment,28,1387.08,49,Motor,Midlands,1
31,control,33,1439.08,41,Health,Midlands,0
32,treatment,53,2481.66,18,Motor,Wales,0
33,treatment,30,2801.19,36,Home,North West,1
34,treatment,50,2736.6,27,Health,London,0
35,control,75,2419.85,42,Health,Wales,0
36,control,34,812.72,33,Motor,Scotland,0
37,treatment,72,1146.73,12,Health,Scotland,0
38,treatment,28,2894.1,16,Home,London,1
39,treatment,50,623.69,37,Motor,Scotland,1
40,control,41,851.5,46,Home,South East,1
41,control,54,1153.68,15,Motor,North West,0
42,treatment,29,1751.61,70,Life,Midlands,0
43,treatment,40,1297.72,26,Health,Scotland,0
44,treatment,67,2506.18,44,Motor,Midlands,1
45,treatment,72,1793.7,40,Life,Scotland,1
46,control,38,2156.24,39,Health,South East,0
47,treatment,30,2012.57,41,Motor,London,1
48,treatment,65,2945.45,26,Health,Scotland,1
49,treatment,32,503.16,25,Motor,South East,0
50,treatment,52,644.1,45,Life,London,0
51,treatment,68,973.73,19,Life,Scotland,0
52,control,64,2323.59,36,Home,Midlands,0
53,treatment,36,2288.72,48,Health,Wales,0
54,treatment,42,729.83,19,Health,London,0
55,treatment,37,2504.78,64,Life,South East,0
56,treatment,39,363.89,30,Health,South East,1
57,treatment,74,1053.64,71,Health,Wales,0
58,control,26,611.42,39,Home,Scotland,0
59,control,27,592.69,61,Life,Wales,0
60,control,63,2957.44,20,Health,Scotland,1
61,treatment,70,1477.36,72,Home,South East,1
62,control,64,1147.57,21,Life,Scotland,1
63,control,45,1386.48,43,Home,Midlands,1
64,control,68,2319.96,28,Life,North West,1
65,treatment,44,1074.67,61,Life,North West,1
66,treatment,57,1577.6,27,Motor,South East,1
67,control,30,2509.74,36,Life,Midlands,0
68,treatment,26,424.78,66,Motor,North West,1
69,treatment,70,2180.16,69,Health,Midlands,1
70,treatment,73,2623.19,19,Health,Midlands,1
71,control,28,1805.0,21,Health,Midlands,0
72,control,73,2706.85,70,Health,Scotland,1
73,treatment,72,2626.04,63,Life,Midlands,0
74,control,74,2399.72,68,Home,South East,1
75,control,40,1033.63,46,Motor,Midlands,1
76,control,69,712.57,33,Motor,North West,1
77,control,51,468.12,59,Health,Scotland,0
78,treatment,73,1854.36,67,Motor,South East,1
79,control,51,1753.2,34,Health,Midlands,1
80,control,26,1349.91,57,Home,North West,0
81,treatment,50,1898.11,9,Motor,Wales,1
82,control,36,435.77,54,Life,Midlands,1
83,control,73,2675.03,41,Health,South East,0
84,control,26,2322.37,12,Life,Midlands,0
85,treatment,73,383.78,37,Home,London,1
86,treatment,33,1578.61,20,Home,North West,0
87,control,35,1935.91,20,Home,South East,1
88,treatment,44,1854.65,54,Health,Wales,1
89,treatment,31,2182.42,44,Motor,Scotland,0
90,control,59,1456.62,53,Motor,Scotland,0
91,treatment,51,2520.29,19,Health,South East,1
92,control,70,713.08,28,Life,Scotland,0
93,control,54,1476.05,40,Life,Midlands,0
94,treatment,42,2680.4,37,Health,Scotland,1
95,control,46,377.49,47,Home,North West,1
96,control,46,1055.08,41,Motor,Scotland,0
97,treatment,40,2244.2,68,Home,Wales,1
98,control,53,2440.92,17,Life,Midlands,1
99,treatment,44,2092.69,53,Health,Scotland,1
100,control,72,1786.05,51,Health,South East,1
101,treatment,32,2247.47,46,Motor,Wales,1
102,treatment,37,884.24,67,Life,Wales,1
103,control,31,2548.1,43,Home,South East,1
104,treatment,70,1742.16,41,Motor,London,1
105,treatment,65,2644.85,68,Motor,London,1
106,control,55,1489.27,29,Motor,South East,0
107,control,32,2519.71,57,Health,London,1
108,treatment,34,702.83,44,Motor,Midlands,1
109,control,63,1909.54,34,Health,North West,0
110,control,62,2973.08,45,Motor,Scotland,0
111,treatment,73,861.03,33,Life,Wales,1
112,treatment,36,1790.38,26,Motor,North West,1
113,control,43,388.13,42,Life,Wales,0
114,treatment,68,930.24,39,Home,North West,1
115,treatment,66,702.27,40,Home,London,1
116,control,63,2322.19,42,Health,London,1
117,control,69,1386.77,40,Health,North West,1
118,treatment,52,2283.24,38,Motor,London,1
119,treatment,73,2115.16,40,Motor,Midlands,1
120,control,42,790.02,61,Health,London,1
121,control,46,1166.86,19,Home,South East,1
122,control,43,2088.98,57,Motor,North West,1
123,control,45,612.99,57,Motor,Wales,0
124,control,51,446.35,72,Life,Scotland,0
125,control,73,439.35,40,Home,South East,1
126,control,32,377.95,36,Home,South East,0
127,control,30,906.69,20,Health,London,0
128,treatment,56,2818.16,43,Life,North West,0
129,control,40,1533.32,24,Health,Midlands,0
130,treatment,29,1045.87,59,Life,Scotland,1
131,treatment,43,2260.34,68,Home,North West,1
132,control,46,1790.18,54,Health,South East,0
133,treatment,61,1334.02,58,Motor,South East,0
134,control,49,2968.72,25,Health,London,1
135,control,31,2660.31,62,Motor,Scotland,0
136,treatment,71,689.22,25,Motor,North West,0
137,control,46,1982.8,56,Motor,South East,0
138,control,45,1992.36,68,Motor,Scotland,1
139,control,39,2316.27,61,Motor,Wales,0
140,treatment,53,749.18,44,Motor,London,1
141,treatment,43,1267.85,61,Home,Midlands,1
142,treatment,35,772.69,54,Home,North West,0
143,treatment,39,1545.1,38,Health,South East,0
144,control,43,2129.55,26,Motor,North West,0
145,control,65,2897.48,38,Health,South East,1
146,control,55,587.96,54,Life,Scotland,1
147,control,26,2940.45,56,Life,London,1
148,treatment,63,2311.96,42,Home,Scotland,0
149,treatment,65,813.36,38,Home,Wales,1
150,treatment,44,2429.25,10,Life,Wales,1
151,control,45,2318.2,28,Home,Midlands,0
152,control,58,1654.85,40,Home,South East,0
153,control,43,2315.71,49,Motor,North West,0
154,treatment,73,2909.55,56,Life,London,1
155,treatment,41,1748.75,64,Life,Wales,0
156,control,62,1328.77,53,Motor,Wales,1
157,treatment,64,2687.43,47,Home,Wales,1
158,control,69,1115.91,58,Motor,Midlands,1
159,treatment,44,2989.0,20,Motor,Midlands,0
160,treatment,49,1524.84,59,Home,North West,1
161,control,64,1401.91,41,Motor,Wales,1
162,control,53,2866.5,52,Motor,Wales,1
163,control,28,1374.98,30,Motor,North West,1
164,treatment,66,2026.63,8,Motor,South East,1
165,treatment,75,1824.36,14,Home,Scotland,1
166,treatment,46,2390.8,6,Life,Midlands,0
167,control,36,596.8,9,Home,London,1
168,treatment,62,1174.18,28,Life,London,1
169,control,58,606.85,14,Health,North West,0
170,treatment,53,1660.36,11,Life,North West,0
171,treatment,28,2996.18,57,Health,Wales,1
172,control,29,2728.02,47,Home,London,1
173,control,49,2985.49,43,Health,Scotland,1
174,treatment,75,2194.8,33,Health,North West,0
175,control,46,2534.03,57,Health,Wales,1
176,control,45,2095.79,53,Home,Wales,0
177,treatment,30,2545.78,17,Health,London,0
178,control,33,1802.2,48,Motor,North West,1
179,control,71,438.9,42,Life,South East,1
180,treatment,34,2073.19,34,Motor,South East,0
181,control,32,2359.04,34,Health,Scotland,0
182,treatment,63,2808.53,40,Motor,Midlands,1
183,control,46,1247.76,29,Home,Scotland,0
184,treatment,34,2300.62,9,Motor,Wales,1
185,control,51,1524.84,26,Life,South East,0
186,treatment,28,720.07,12,Motor,South East,1
187,control,56,1939.11,59,Life,Midlands,0
188,treatment,47,1460.77,42,Health,Scotland,1
189,treatment,39,1367.21,13,Motor,Midlands,1
190,treatment,74,670.53,38,Life,South East,1
191,control,72,1462.77,22,Health,Scotland,0
192,control,29,1372.09,11,Health,London,1
193,treatment,45,1854.55,57,Health,South East,1
194,treatment,45,764.06,64,Life,London,1
195,treatment,40,1476.33,57,Motor,North West,0
196,control,39,1199.29,27,Motor,Scotland,0
197,treatment,74,1243.31,24,Home,London,1
198,treatment,36,1926.48,15,Home,Wales,1
199,control,68,2795.22,47,Life,Midlands,1
200,control,53,2004.74,41,Motor,South East,1
201,control,54,1520.17,13,Life,South East,1
202,treatment,64,1904.02,55,Health,Scotland,1
203,treatment,53,2754.43,30,Life,Scotland,1
204,treatment,28,1516.41,49,Motor,Scotland,1
205,treatment,40,2210.58,62,Home,South East,1
206,control,49,1403.68,49,Motor,Wales,0
207,treatment,46,555.17,55,Life,South East,0
208,treatment,46,520.06,24,Life,South East,0
209,control,33,1906.61,16,Life,Scotland,1
210,control,33,2109.31,17,Health,Scotland,1
211,control,44,786.71,33,Life,North West,1
212,treatment,34,508.35,18,Motor,Wales,1
213,treatment,63,1317.14,26,Home,Wales,0
214,treatment,71,1481.72,58,Life,Wales,1
215,control,64,1069.31,63,Home,Scotland,1
216,control,37,1293.17,62,Health,South East,0
217,control,35,2505.61,23,Life,London,0
218,control,60,2822.59,72,Motor,South East,1
219,treatment,42,1513.16,71,Home,North West,1
220,treatment,53,2688.5,9,Health,London,1
221,control,40,1342.65,16,Life,Midlands,1
222,treatment,70,2054.89,24,Home,London,1
223,control,69,2544.0,66,Health,Scotland,1
224,treatment,26,990.99,25,Health,London,0
225,treatment,44,628.99,36,Health,Wales,0
226,control,29,599.32,69,Motor,Wales,1
227,treatment,70,687.66,60,Motor,Scotland,1
228,control,36,2093.8,16,Life,London,0
229,treatment,49,2657.99,11,Health,South East,1
230,treatment,47,2429.0,50,Home,Wales,1
231,treatment,74,1871.14,48,Home,London,1
232,control,66,772.74,65,Health,Wales,1
233,treatment,29,2233.32,64,Motor,South East,1
234,treatment,27,1152.11,45,Health,Scotland,1
235,treatment,73,2046.63,42,Life,London,0
236,control,42,636.08,53,Health,North West,0
237,control,46,2929.05,69,Health,South East,0
238,control,30,2263.12,16,Health,Scotland,0
239,treatment,59,1093.17,19,Motor,South East,0
240,control,53,1927.08,60,Home,Wales,1
241,control,27,2262.4,51,Health,South East,0
242,treatment,29,2112.2,57,Life,Scotland,0
243,treatment,26,685.5,62,Motor,Midlands,1
244,control,48,1333.71,10,Home,Wales,1
245,control,48,1498.64,15,Home,Scotland,1
246,control,66,1052.46,20,Motor,Wales,1
247,control,60,617.95,39,Health,Midlands,0
248,control,69,2774.49,68,Home,London,1
249,treatment,53,766.17,62,Motor,Wales,0
250,control,67,1238.05,14,Life,South East,0
251,treatment,75,1276.03,34,Motor,Midlands,0
252,treatment,75,1633.86,52,Life,North West,0
253,treatment,64,2687.47,14,Life,North West,0
254,control,58,1409.15,58,Motor,Midlands,0
255,treatment,53,1557.75,72,Life,Midlands,0
256,treatment,74,2908.91,61,Motor,London,1
257,control,35,737.31,34,Life,Scotland,0
258,treatment,41,830.02,41,Home,Wales,1
259,treatment,57,2030.67,25,Home,Wales,1
260,control,61,411.22,9,Motor,London,0
261,control,66,869.18,59,Motor,North West,0
262,control,66,2882.96,67,Home,Wales,1
263,control,29,2159.26,26,Health,North West,1
264,treatment,46,1937.98,46,Life,Wales,0
265,control,50,653.07,53,Motor,South East,1
266,treatment,42,1513.91,24,Motor,London,1
267,control,64,1428.96,26,Life,Scotland,0
268,treatment,73,730.22,71,Health,North West,0
269,control,26,543.13,56,Health,Midlands,1
270,control,28,436.46,69,Health,South East,0
271,treatment,52,661.62,39,Life,North West,1
272,control,28,1839.76,30,Life,Scotland,1
273,control,57,1515.96,41,Motor,Midlands,0
274,control,48,2446.22,49,Life,Midlands,1
275,control,57,408.69,10,Home,Wales,1
276,control,58,1533.87,71,Home,South East,0
277,control,35,1360.98,44,Life,Scotland,0
278,control,70,1819.9,66,Motor,South East,1
279,treatment,51,1876.0,9,Health,South East,0
280,treatment,71,438.66,67,Home,Scotland,1
281,control,34,2518.49,37,Motor,Scotland,0
282,treatment,37,351.13,46,Health,Midlands,1
283,treatment,51,1654.91,66,Motor,Wales,1
284,treatment,60,1177.63,67,Health,South East,0
285,control,59,1224.28,51,Life,Scotland,1
286,treatment,42,1806.83,34,Life,South East,0
287,control,45,1595.47,41,Life,London,0
288,control,50,2509.62,24,Life,London,1
289,treatment,47,2794.83,38,Health,Midlands,1
290,control,60,2179.66,23,Motor,Scotland,0
291,treatment,40,437.07,34,Home,London,1
292,control,70,1575.49,23,Motor,Scotland,0
293,treatment,51,2062.81,66,Health,Wales,1
294,control,45,1070.62,13,Motor,Wales,0
295,treatment,36,1428.29,28,Motor,North West,0
296,treatment,72,2897.75,43,Motor,London,1
297,treatment,46,1068.32,69,Home,Scotland,1
298,treatment,32,1192.85,64,Life,Wales,1
299,control,75,1096.57,30,Home,Scotland,0
300,control,52,1691.26,17,Health,Wales,1
301,treatment,55,1173.72,37,Motor,South East,1
302,control,73,1020.88,48,Life,Scotland,0
303,treatment,41,2064.95,36,Motor,Wales,1
304,control,35,1394.62,70,Life,Wales,1
305,control,48,1959.49,34,Home,North West,1
306,control,51,2195.24,66,Home,Midlands,0
307,treatment,58,1506.22,52,Motor,Scotland,1
308,treatment,61,1748.98,27,Life,Scotland,1
309,treatment,70,1874.5,17,Health,London,1
310,control,54,1822.56,65,Life,Wales,1
311,control,25,2313.67,15,Motor,North West,1
312,treatment,59,2984.13,14,Health,London,1
313,treatment,74,665.66,59,Life,North West,1
314,control,49,516.67,23,Life,London,1
315,control,58,643.84,34,Motor,London,0
316,control,68,2241.55,60,Health,Midlands,1
317,control,34,1044.25,20,Motor,Wales,1
318,treatment,40,856.42,18,Motor,North West,0
319,treatment,40,2299.46,57,Health,Midlands,1
320,treatment,33,1660.52,43,Home,Wales,1
321,control,40,1114.76,24,Home,North West,1
322,treatment,60,2861.0,28,Health,Scotland,1
323,control,66,2112.62,46,Health,North West,1
324,control,36,2336.92,66,Home,Midlands,1
325,treatment,54,2769.8,58,Health,Scotland,1
326,control,40,988.49,48,Motor,North West,0
327,treatment,59,2256.38,30,Motor,South East,1
328,treatment,29,808.04,33,Health,Midlands,0
329,control,44,2883.95,7,Home,Midlands,0
330,treatment,72,2998.84,67,Home,Wales,1
331,treatment,50,2770.84,47,Life,North West,1
332,control,44,1006.22,71,Health,North West,1
333,control,73,2567.27,32,Life,South East,1
334,treatment,72,693.99,39,Health,South East,1
335,control,39,1325.57,37,Health,Scotland,0
336,control,41,2361.07,68,Health,North West,1
337,control,35,677.89,68,Home,Scotland,0
338,treatment,58,391.32,15,Motor,London,1
339,treatment,29,2209.36,7,Home,Scotland,1
340,treatment,64,2021.87,67,Health,London,1
341,control,25,345.16,41,Life,London,0
342,control,36,588.94,18,Home,Midlands,1
343,control,47,1021.78,56,Motor,South East,0
344,control,61,956.66,34,Life,Wales,0
345,treatment,66,2977.52,10,Motor,North West,1
346,control,28,2019.22,27,Motor,North West,0
347,control,61,2938.79,18,Motor,Midlands,1
348,control,42,425.72,15,Life,Scotland,0
349,treatment,36,2807.67,46,Motor,Midlands,1
350,control,29,1108.05,36,Health,Wales,0
351,control,49,2340.15,23,Motor,Scotland,0
352,control,28,563.75,35,Motor,South East,0
353,control,74,1181.22,40,Health,North West,1
354,control,52,801.49,54,Motor,Scotland,1
355,treatment,70,498.47,40,Home,North West,0
356,treatment,72,1351.98,52,Motor,London,1
357,control,53,1271.78,40,Motor,Midlands,1
358,control,53,1803.86,71,Health,London,1
359,control,60,551.27,47,Health,London,1
360,control,74,528.69,37,Home,Wales,1
361,treatment,42,1113.05,69,Home,London,1
362,control,51,1109.33,15,Life,South East,0
363,control,63,1965.01,64,Motor,Midlands,1
364,control,46,2572.36,54,Life,North West,1
365,treatment,44,1165.8,31,Health,South East,1
366,control,45,1086.91,68,Home,South East,1
367,control,48,607.5,31,Home,Wales,0
368,treatment,71,1546.38,32,Health,South East,0
369,treatment,75,2446.62,69,Home,Wales,1
370,control,67,716.19,60,Health,London,1
371,control,62,1382.17,70,Health,Scotland,1
372,control,69,2717.85,16,Motor,Midlands,0
373,control,35,2046.9,11,Health,South East,0
374,control,31,328.48,39,Home,Scotland,0
375,treatment,53,1310.12,65,Home,South East,0
376,control,31,1097.67,16,Motor,Wales,1
377,control,46,1529.4,32,Health,South East,1
378,control,71,2181.26,46,Motor,South East,1
379,treatment,26,2592.79,19,Home,Wales,1
380,treatment,60,732.37,60,Health,Midlands,0
381,treatment,36,2029.29,61,Health,London,0
382,treatment,53,1898.95,55,Motor,Wales,1
383,control,73,2200.15,14,Motor,Scotland,1
384,control,37,1535.39,39,Health,Scotland,0
385,control,63,1349.33,56,Motor,South East,1
386,control,64,765.82,44,Motor,Wales,1
387,treatment,40,1124.53,29,Life,Wales,1
388,control,51,1910.35,55,Health,Midlands,1
389,treatment,60,750.54,42,Home,Midlands,1
390,control,64,444.75,51,Motor,North West,1
391,control,60,1664.68,69,Health,Wales,1
392,control,56,751.58,9,Home,South East,1
393,treatment,59,1079.41,64,Health,Scotland,1
394,treatment,42,2392.81,52,Motor,Wales,1
395,treatment,52,576.52,37,Life,London,1
396,control,30,1485.49,21,Home,Midlands,0
397,control,70,1947.71,60,Home,Scotland,1
398,treatment,38,2474.69,50,Life,Scotland,1
399,control,70,1090.11,40,Motor,Midlands,0
400,control,28,2979.71,22,Home,Midlands,1
401,control,40,2355.98,56,Health,Midlands,1
402,control,65,1418.41,63,Motor,Wales,0
403,treatment,50,1692.16,41,Life,North West,0
404,control,62,306.68,17,Health,Wales,0
405,control,29,2448.33,56,Home,North West,0
406,control,42,1171.74,42,Life,Scotland,0
407,control,75,1228.1,12,Motor,London,0
408,control,26,635.44,26,Health,North West,1
409,control,37,2988.37,22,Life,Midlands,0
410,control,30,2067.39,38,Motor,South East,0
411,treatment,28,1370.12,45,Home,North West,0
412,treatment,25,876.24,15,Home,Scotland,1
413,control,25,321.77,49,Motor,North West,0
414,control,29,918.16,17,Motor,London,1
415,control,33,1333.35,23,Home,London,0
416,treatment,64,2055.05,62,Life,Wales,1
417,treatment,51,1963.41,62,Home,London,0
418,treatment,73,632.52,55,Life,North West,1
419,treatment,40,1047.81,16,Home,Scotland,0
420,control,74,2841.45,9,Life,Midlands,1
421,treatment,72,1357.73,12,Home,North West,1
422,treatment,56,2022.82,15,Motor,South East,0
423,treatment,49,2624.2,59,Life,Scotland,1
424,control,74,497.08,14,Motor,South East,1
425,treatment,75,1374.53,42,Health,North West,1
426,treatment,65,1748.73,25,Life,London,1
427,treatment,34,1748.25,56,Motor,South East,0
428,treatment,28,960.1,61,Motor,North West,1
429,treatment,44,2098.41,28,Motor,London,0
430,treatment,35,1640.31,50,Life,Midlands,1
431,control,71,2693.32,9,Life,North West,1
432,treatment,41,2223.27,15,Health,North West,1
433,treatment,56,2620.27,27,Life,Midlands,1
434,treatment,61,2120.13,20,Home,Wales,1
435,treatment,25,960.29,66,Life,North West,0
436,treatment,27,1792.73,59,Home,South East,1
437,control,42,2530.19,53,Motor,Scotland,0
438,treatment,36,902.6,72,Motor,North West,1
439,control,43,2388.52,45,Life,London,1
440,treatment,48,841.81,44,Home,North West,1
441,control,74,2394.89,37,Home,London,0
442,treatment,39,1762.17,7,Life,London,0
443,control,72,2263.48,19,Home,Scotland,0
444,control,56,2895.2,24,Life,London,1
445,treatment,58,1415.25,53,Health,Wales,1
446,treatment,57,660.49,56,Motor,Scotland,1
447,control,67,2903.39,36,Life,South East,0
448,control,69,2546.13,47,Life,North West,1
449,treatment,37,667.5,19,Home,London,1
450,control,45,1397.58,51,Home,North West,1
451,control,32,544.14,44,Motor,Midlands,0
452,control,34,546.27,37,Life,North West,0
453,control,41,2514.24,28,Motor,North West,0
454,treatment,31,1547.52,23,Motor,London,1
455,treatment,33,834.96,57,Life,Wales,1
456,treatment,62,1882.52,15,Motor,London,1
457,control,33,548.34,48,Motor,London,0
458,treatment,35,2795.16,61,Health,North West,1
459,control,36,1255.65,29,Life,South East,1
460,treatment,27,1958.09,37,Life,North West,1
461,control,28,536.85,55,Home,North West,1
462,treatment,65,2984.04,8,Health,Wales,1
463,control,47,2764.23,70,Life,North West,1
464,treatment,45,1912.21,9,Life,London,0
465,control,58,1265.07,35,Home,London,1
466,treatment,42,1740.96,13,Home,Scotland,0
467,control,47,2825.06,28,Home,Midlands,1
468,control,62,376.16,51,Home,Scotland,0
469,control,59,1134.44,68,Motor,London,1
470,treatment,26,1721.41,6,Life,Scotland,1
471,treatment,46,2235.73,47,Motor,London,1
472,treatment,74,599.49,52,Motor,South East,0
473,control,62,572.79,44,Life,Midlands,0
474,control,75,2026.02,68,Life,Midlands,0
475,control,39,2096.94,28,Health,South East,0
476,control,33,779.81,6,Health,Scotland,1
477,control,64,896.42,19,Health,Midlands,1
478,treatment,40,1236.39,46,Home,Wales,0
479,treatment,70,2109.07,48,Health,London,1
480,treatment,69,483.05,38,Motor,Wales,1
481,control,53,2277.98,27,Health,North West,0
482,control,59,1313.44,67,Home,Midlands,1
483,treatment,43,354.21,39,Motor,London,1
484,control,35,2276.36,17,Life,Scotland,0
485,control,70,383.68,27,Health,Midlands,1
486,control,38,2930.88,58,Life,Wales,1
487,treatment,31,434.02,68,Home,London,1
488,control,30,1095.28,67,Home,London,1
489,treatment,65,1087.89,16,Health,London,1
490,control,55,1620.56,39,Motor,Wales,1
491,treatment,48,2690.83,53,Home,North West,1
492,control,54,1011.18,40,Motor,Midlands,0
493,treatment,30,2103.98,58,Home,Scotland,1
494,control,58,1430.31,66,Home,North West,1
495,control,70,393.77,72,Home,London,0
496,control,36,2862.47,27,Home,Midlands,1
497,control,30,2968.36,61,Home,Wales,1
498,control,45,2759.17,14,Motor,North West,1
499,control,42,1703.16,7,Health,London,1
500,treatment,61,1887.42,18,Motor,Scotland,0
501,control,59,2676.37,58,Life,North West,1
502,control,27,764.94,57,Home,Scotland,0
503,control,27,1368.64,48,Home,London,0
504,control,48,354.63,44,Life,South East,0
505,treatment,39,662.84,62,Life,South East,0
506,treatment,37,1492.63,58,Health,Scotland,0
507,treatment,57,2437.02,14,Life,Wales,1
508,treatment,74,2598.5,9,Home,Midlands,0
509,treatment,28,973.62,64,Motor,South East,0
510,control,48,2523.47,70,Health,Wales,0
511,treatment,40,1305.66,63,Home,North West,1
512,control,47,741.49,39,Motor,South East,1
513,treatment,35,2605.32,33,Home,Wales,1
514,treatment,42,2059.29,71,Motor,Wales,1
515,treatment,66,767.64,7,Home,South East,0
516,control,70,2910.97,41,Health,North West,0
517,control,41,889.16,44,Health,Scotland,1
518,control,60,2047.82,42,Life,Wales,1
519,treatment,46,2968.57,47,Life,South East,1
520,control,37,704.81,36,Motor,Scotland,1
521,control,68,677.81,9,Health,South East,1
522,control,50,1348.34,10,Home,South East,0
523,treatment,68,1743.51,66,Life,Scotland,1
524,treatment,67,2666.54,29,Life,London,1
525,control,71,2482.53,29,Life,Wales,1
526,control,39,2309.37,45,Health,South East,1
527,control,54,2598.28,66,Motor,Wales,1
528,treatment,55,2701.45,70,Motor,Wales,1
529,control,51,445.97,25,Home,Midlands,1
530,control,34,1154.24,29,Motor,North West,1
531,treatment,45,2013.15,6,Health,South East,1
532,treatment,61,2364.11,68,Motor,Midlands,1
533,control,50,1458.37,67,Health,London,1
534,treatment,71,1307.37,7,Life,Scotland,1
535,treatment,65,2280.73,34,Life,South East,1
536,control,57,1889.41,27,Motor,London,1
537,control,54,2265.15,49,Health,Wales,0
538,control,56,1269.98,30,Home,North West,1
539,treatment,71,2959.17,33,Motor,Scotland,1
540,treatment,48,2220.0,10,Health,Wales,1
541,treatment,63,2985.64,19,Motor,London,1
542,control,53,1326.69,38,Health,Wales,1
543,treatment,44,1436.35,18,Life,Scotland,1
544,treatment,51,2542.76,19,Motor,South East,1
545,treatment,56,836.35,31,Life,Scotland,0
546,control,70,1406.34,26,Motor,Scotland,1
547,treatment,69,2819.44,48,Home,London,1
548,treatment,32,2555.13,69,Home,London,0
549,treatment,71,2253.66,38,Home,North West,0
550,control,41,1553.55,18,Home,London,0
551,control,68,1144.31,20,Motor,London,1
552,treatment,67,2047.44,48,Life,North West,0
553,control,71,550.97,49,Home,London,1
554,control,42,2556.41,67,Health,Wales,0
555,treatment,32,657.78,13,Home,London,1
556,control,61,2131.66,29,Health,South East,0
557,treatment,55,2785.07,20,Health,North West,1
558,control,66,1148.44,34,Life,Scotland,1
559,treatment,52,2086.63,37,Health,South East,1
560,control,34,2565.39,12,Motor,Wales,0
561,control,56,2647.42,15,Health,South East,1
562,control,28,1668.71,54,Health,Midlands,1
563,control,61,1509.87,69,Health,South East,1
564,control,72,2064.11,19,Health,North West,1
565,treatment,30,2437.81,44,Home,Wales,1
566,control,48,2528.34,34,Health,South East,1
567,control,70,2074.35,63,Motor,London,0
568,treatment,25,1221.66,43,Life,Wales,1
569,treatment,56,679.21,58,Motor,South East,1
570,treatment,32,2811.58,56,Home,North West,0
571,treatment,70,1212.42,59,Motor,Wales,0
572,treatment,74,2707.74,64,Home,North West,1
573,treatment,60,2825.33,67,Home,Wales,1
574,treatment,31,1346.0,47,Health,North West,0
575,treatment,42,1374.25,49,Life,North West,0
576,treatment,51,1926.82,71,Life,Wales,1
577,control,70,2289.41,33,Home,Midlands,0
578,control,68,1232.29,22,Home,Scotland,0
579,control,70,611.59,51,Health,Scotland,0
580,control,68,2319.25,42,Health,London,1
581,treatment,49,692.38,13,Home,South East,0
582,treatment,43,2145.15,24,Motor,Wales,0
583,treatment,73,1761.16,51,Health,London,1
584,treatment,72,2047.22,55,Home,Scotland,0
585,control,69,2094.13,54,Health,North West,0
586,control,60,445.27,38,Home,Scotland,0
587,control,39,2761.01,53,Home,Wales,0
588,control,53,779.05,15,Home,Midlands,0
589,treatment,49,409.71,41,Life,Midlands,1
590,control,25,1192.52,25,Motor,Midlands,0
591,treatment,74,2817.43,44,Health,Scotland,1
592,treatment,75,2210.74,34,Home,Scotland,1
593,treatment,51,1766.32,57,Motor,South East,1
594,treatment,67,1196.09,52,Life,Midlands,0
595,control,60,2523.96,7,Motor,Wales,1
596,treatment,66,1956.99,37,Motor,Wales,0
597,control,75,2851.47,55,Life,Scotland,0
598,treatment,58,2519.69,53,Health,North West,1
599,treatment,45,1687.52,18,Home,Scotland,1
600,treatment,38,2109.9,33,Health,London,1
601,control,66,2505.24,15,Home,London,1
602,control,27,536.31,12,Home,South East,0
603,treatment,41,1400.61,63,Health,North West,1
604,control,68,619.43,6,Motor,Wales,0
605,treatment,47,2805.73,19,Life,Wales,1
606,treatment,43,2366.24,62,Health,North West,0
607,treatment,55,722.07,34,Home,Wales,1
608,control,65,689.0,53,Motor,Scotland,0
609,treatment,32,412.79,56,Motor,South East,1
610,control,38,1414.17,71,Home,Midlands,1
611,control,37,609.48,12,Health,Wales,0
612,control,67,481.88,18,Home,Wales,0
613,control,47,646.18,36,Motor,South East,0
614,treatment,45,1611.83,48,Life,Wales,1
615,control,45,2888.38,27,Motor,South East,1
616,treatment,70,2297.5,61,Life,South East,1
617,control,55,1549.69,51,Life,North West,1
618,treatment,66,1937.89,41,Home,Scotland,1
619,treatment,71,503.58,8,Motor,Scotland,1
620,treatment,27,1789.3,66,Home,South East,1
621,control,33,1554.69,71,Motor,North West,1
622,treatment,67,944.98,27,Home,North West,1
623,treatment,72,2276.41,51,Motor,Midlands,1
624,treatment,29,1013.76,35,Motor,Wales,1
625,control,49,1568.12,64,Motor,London,0
626,control,31,2200.09,72,Life,Wales,1
627,treatment,49,2064.92,52,Motor,Scotland,1
628,treatment,58,1395.77,50,Health,North West,0
629,treatment,57,2681.49,62,Home,Midlands,1
630,control,38,705.65,26,Life,Scotland,0
631,treatment,67,921.94,48,Motor,North West,1
632,control,38,1895.14,58,Motor,Midlands,1
633,treatment,33,1999.76,11,Home,London,1
634,treatment,58,2887.24,8,Life,London,1
635,control,55,760.53,58,Home,Scotland,0
636,treatment,64,2081.05,39,Home,Wales,1
637,control,63,1894.61,35,Health,North West,1
638,treatment,37,1711.32,70,Health,Midlands,1
639,treatment,55,2734.34,10,Motor,London,1
640,treatment,63,1756.07,6,Health,Scotland,1
641,treatment,69,1730.5,35,Health,North West,1
642,treatment,52,661.48,67,Home,London,1
643,control,41,810.36,6,Motor,Scotland,1
644,treatment,69,2471.58,58,Life,London,1
645,control,41,2608.44,60,Life,Scotland,1
646,control,73,849.97,67,Home,South East,1
647,control,41,2968.97,50,Health,Wales,1
648,treatment,72,920.38,26,Motor,Midlands,1
649,control,60,1957.87,12,Home,North West,0
650,treatment,30,2522.79,66,Health,London,1
651,treatment,48,516.11,10,Health,North West,0
652,control,70,2901.53,13,Home,Wales,1
653,treatment,37,2596.53,72,Life,Midlands,1
654,treatment,64,757.6,10,Life,Midlands,0
655,treatment,30,2991.41,57,Life,Wales,1
656,treatment,58,341.49,14,Motor,Scotland,1
657,control,47,2900.88,41,Home,Scotland,0
658,control,50,1852.25,39,Home,North West,1
659,treatment,57,1094.48,20,Life,Scotland,0
660,control,69,1495.48,54,Health,Midlands,0
661,control,68,1543.95,9,Health,London,1
662,control,65,2429.37,34,Home,South East,1
663,control,58,1746.26,39,Home,South East,1
664,control,29,1797.29,28,Health,South East,1
665,control,36,2857.22,30,Health,Wales,1
666,treatment,41,858.3,31,Home,Scotland,1
667,treatment,32,2784.51,69,Motor,Scotland,0
668,control,48,1975.8,69,Life,North West,1
669,control,50,899.65,22,Motor,Scotland,0
670,control,59,387.92,50,Health,Wales,0
671,control,32,2185.26,64,Life,Wales,1
672,treatment,49,1868.72,47,Life,Scotland,0
673,treatment,60,1009.69,40,Health,Scotland,1
674,treatment,56,1444.65,59,Life,South East,0
675,control,53,785.7,22,Home,London,0
676,treatment,60,1466.99,54,Home,Midlands,0
677,treatment,55,2475.3,28,Health,North West,1
678,control,75,1613.87,38,Motor,North West,1
679,treatment,28,881.76,38,Health,Wales,1
680,control,41,1274.6,38,Life,London,1
681,control,68,2900.41,31,Home,South East,1
682,control,74,2288.62,16,Health,Scotland,1
683,treatment,35,2029.57,49,Health,Wales,1
684,control,29,513.6,49,Home,South East,1
685,control,70,1022.18,56,Life,North West,0
686,control,72,1884.68,63,Health,Midlands,1
687,treatment,33,2264.99,38,Motor,Midlands,1
688,treatment,31,472.24,66,Motor,London,0
689,treatment,31,1008.62,25,Motor,Wales,0
690,control,44,919.26,42,Health,Wales,1
691,treatment,26,394.92,51,Life,North West,1
692,control,60,1501.08,28,Health,Wales,0
693,control,58,2027.42,45,Life,North West,1
694,treatment,53,1131.24,58,Life,Midlands,1
695,treatment,58,2501.53,23,Life,South East,1
696,treatment,69,2789.64,67,Life,London,1
697,control,63,924.28,6,Life,Midlands,1
698,control,50,974.72,55,Health,Midlands,1
699,control,65,946.82,40,Life,Wales,0
700,control,51,807.6,14,Home,Midlands,1
701,control,64,1522.47,68,Home,South East,1
702,treatment,59,359.75,19,Life,South East,1
703,control,71,322.15,17,Home,London,0
704,control,51,1141.26,69,Life,North West,0
705,treatment,46,516.6,24,Motor,South East,0
706,treatment,59,1569.4,30,Life,North West,0
707,treatment,74,2229.64,55,Health,Midlands,1
708,treatment,37,1544.25,18,Home,North West,1
709,control,45,728.25,11,Motor,South East,0
710,control,37,1273.15,12,Home,London,1
711,control,45,340.68,41,Motor,North West,0
712,treatment,27,1868.91,66,Home,South East,0
713,treatment,35,1649.78,49,Motor,London,1
714,treatment,69,1748.15,19,Home,North West,1
715,control,53,2279.61,8,Health,South East,0
716,control,27,1610.32,62,Life,Scotland,0
717,treatment,61,803.89,50,Life,Wales,1
718,treatment,29,1734.07,63,Life,South East,1
719,control,25,2394.98,70,Health,Wales,1
720,treatment,64,2613.44,36,Life,Wales,1
721,control,37,1714.99,69,Home,Scotland,1
722,control,66,1169.46,18,Motor,London,0
723,treatment,36,2658.43,31,Motor,North West,1
724,treatment,61,2032.73,55,Health,Scotland,1
725,control,28,1289.16,15,Motor,Midlands,0
726,treatment,54,2462.75,13,Life,Scotland,0
727,control,48,2444.47,13,Life,Scotland,1
728,treatment,44,510.43,33,Motor,London,0
729,control,37,821.42,37,Home,Scotland,0
730,control,72,584.89,51,Health,Wales,0
731,treatment,35,2439.65,57,Life,Wales,1
732,control,47,2736.71,47,Life,North West,0
733,control,71,1173.32,36,Home,North West,0
734,control,48,2896.46,63,Health,London,0
735,control,63,344.02,23,Life,London,1
736,treatment,38,2610.45,8,Life,Scotland,1
737,treatment,31,401.89,51,Home,Midlands,1
738,treatment,39,991.86,44,Motor,Scotland,1
739,treatment,71,508.44,47,Health,Midlands,1
740,treatment,63,2034.09,10,Health,London,0
741,control,47,2675.44,61,Health,London,0
742,treatment,72,2062.5,7,Health,London,1
743,treatment,45,1757.81,25,Life,Scotland,0
744,treatment,28,2118.82,56,Health,Scotland,1
745,treatment,39,1466.23,56,Home,Midlands,1
746,control,61,2312.35,57,Life,London,1
747,control,74,2184.25,23,Health,Scotland,1
748,control,66,1842.59,37,Home,London,1
749,control,45,2148.79,17,Motor,Wales,1
750,control,47,814.32,50,Motor,South East,1
751,control,64,2518.28,62,Home,North West,1
752,treatment,37,2150.47,25,Motor,London,0
753,treatment,64,2802.17,42,Motor,South East,1
754,treatment,44,1515.17,8,Life,Midlands,0
755,treatment,38,1775.35,39,Health,Scotland,0
756,treatment,69,2186.64,8,Health,Scotland,0
757,treatment,41,759.86,42,Home,Wales,1
758,treatment,54,2067.85,7,Motor,North West,0
759,control,31,351.51,55,Home,North West,0
760,treatment,45,1608.59,17,Home,Midlands,1
761,control,60,2801.14,8,Motor,Midlands,0
762,control,46,1622.82,26,Motor,South East,0
763,control,65,1116.28,70,Life,London,0
764,control,26,2849.17,41,Home,Midlands,1
765,control,67,670.6,54,Home,North West,1
766,treatment,52,2920.45,48,Health,Scotland,1
767,treatment,62,1761.66,31,Home,South East,1
768,treatment,52,2988.35,24,Home,South East,1
769,treatment,36,1157.51,24,Motor,South East,0
770,control,51,1119.04,41,Home,Midlands,1
771,treatment,26,2358.61,40,Home,Scotland,1
772,treatment,47,514.58,67,Home,Scotland,0
773,control,70,2053.84,29,Health,North West,1
774,treatment,37,910.94,58,Motor,South East,0
775,treatment,72,2112.62,31,Home,London,1
776,control,64,1622.85,47,Health,Midlands,1
777,treatment,63,2285.4,54,Life,North West,1
778,treatment,58,595.15,64,Motor,Midlands,1
779,control,72,405.98,55,Motor,Midlands,1
780,control,44,2388.93,42,Health,Midlands,1
781,treatment,69,1695.82,24,Health,Wales,1
782,treatment,36,2402.57,23,Health,North West,1
783,treatment,36,1524.94,31,Health,London,1
784,treatment,70,2279.81,17,Motor,Wales,1
785,control,30,1714.31,55,Home,North West,1
786,treatment,74,761.39,48,Home,Midlands,0
787,treatment,74,2222.53,59,Life,South East,1
788,control,43,1991.42,21,Home,Midlands,1
789,control,25,1538.34,69,Motor,Scotland,0
790,treatment,38,1889.93,66,Health,North West,1
791,treatment,40,2681.85,41,Home,London,1
792,treatment,66,1242.35,24,Motor,Wales,1
793,control,46,2785.04,12,Motor,North West,0
794,treatment,68,1067.83,28,Health,Wales,1
795,treatment,30,2374.98,47,Life,North West,0
796,control,60,475.3,66,Home,London,0
797,control,46,1723.04,32,Home,Scotland,1
798,treatment,55,2255.0,42,Health,Scotland,0
799,control,58,1852.89,51,Home,Scotland,1
800,control,56,2481.55,35,Life,Midlands,1
801,treatment,54,1988.74,21,Home,Scotland,0
802,control,27,1201.24,33,Motor,Wales,1
803,control,41,2433.53,45,Life,Scotland,1
804,treatment,32,2151.76,49,Health,Wales,1
805,treatment,36,823.84,49,Health,North West,0
806,treatment,55,719.54,64,Life,North West,0
807,control,72,451.26,72,Life,Scotland,0
808,control,60,1746.89,32,Life,South East,1
809,treatment,42,2570.0,49,Health,Wales,1
810,treatment,61,1935.36,29,Motor,South East,0
811,control,70,385.4,58,Motor,North West,0
812,control,53,2539.54,44,Home,Scotland,1
813,treatment,48,2419.35,31,Motor,North West,1
814,control,57,716.01,49,Health,Wales,0
815,control,74,1183.81,18,Home,Midlands,0
816,control,49,2226.93,72,Motor,London,1
817,treatment,68,2589.93,17,Life,North West,0
818,treatment,58,2368.69,45,Motor,Scotland,0
819,treatment,45,841.5,42,Life,Scotland,1
820,control,67,617.66,25,Home,South East,1
821,treatment,38,1764.83,46,Life,Midlands,0
822,control,61,961.03,15,Life,Scotland,0
823,control,28,651.2,66,Motor,London,1
824,treatment,52,1358.18,63,Life,South East,1
825,treatment,70,2347.69,16,Health,Scotland,1
826,control,31,1530.08,65,Health,Midlands,0
827,treatment,64,996.74,52,Health,Midlands,0
828,control,75,2624.14,47,Health,North West,1
829,control,32,1248.89,65,Home,South East,0
830,treatment,57,577.92,19,Life,Scotland,0
831,control,59,1544.63,58,Home,Scotland,1
832,treatment,55,1336.3,49,Home,Wales,1
833,control,61,2425.78,36,Home,Wales,0
834,control,32,1898.84,65,Life,Scotland,1
835,control,36,1131.7,57,Motor,Scotland,1
836,control,45,1634.6,13,Motor,Midlands,0
837,treatment,73,696.16,25,Health,Scotland,1
838,control,37,855.29,46,Life,Scotland,0
839,control,52,2238.04,50,Motor,Scotland,1
840,control,33,2601.76,13,Life,Scotland,0
841,treatment,70,1812.08,51,Motor,South East,0
842,treatment,52,2196.0,56,Life,Wales,1
843,control,52,1771.82,28,Health,Midlands,1
844,control,48,2567.9,25,Life,Wales,1
845,treatment,29,2050.65,24,Health,Wales,1
846,treatment,30,670.49,59,Health,Wales,1
847,control,64,785.45,71,Health,Scotland,0
848,control,47,909.5,60,Motor,Scotland,1
849,treatment,70,1654.67,58,Life,London,0
850,control,70,1295.16,67,Motor,Midlands,0
851,control,54,1695.76,72,Motor,Midlands,1
852,treatment,68,2010.96,45,Motor,South East,1
853,treatment,55,1525.89,66,Life,North West,1
854,control,43,752.27,44,Life,London,0
855,treatment,61,439.37,43,Motor,South East,1
856,treatment,57,507.53,41,Life,Midlands,1
857,control,41,338.35,20,Home,Scotland,0
858,control,48,2481.17,39,Home,North West,1
859,treatment,46,2956.99,24,Home,North West,0
860,control,74,1334.55,62,Home,Midlands,1
861,control,28,2034.1,20,Motor,Midlands,1
862,control,44,1585.92,35,Health,Wales,0
863,control,41,691.9,61,Motor,South East,0
864,control,49,2131.93,11,Motor,Scotland,0
865,control,64,2778.71,40,Life,South East,1
866,treatment,41,2066.73,56,Health,Wales,0
867,treatment,58,1211.0,29,Life,Scotland,1
868,treatment,29,332.3,18,Motor,Wales,1
869,treatment,71,1064.9,30,Motor,London,1
870,treatment,63,2072.83,33,Motor,Wales,0
871,treatment,63,650.75,29,Motor,Wales,1
872,control,54,2083.29,15,Health,South East,0
873,control,41,737.31,15,Life,London,1
874,control,28,997.24,39,Home,North West,1
875,treatment,64,1360.11,68,Motor,Midlands,1
876,control,38,1957.71,19,Health,Wales,1
877,treatment,29,490.11,38,Health,London,0
878,treatment,66,2028.91,10,Health,South East,1
879,control,50,1851.53,71,Health,North West,1
880,treatment,59,909.79,55,Health,London,1
881,control,46,2140.96,57,Motor,Wales,0
882,treatment,48,1743.49,49,Motor,North West,0
883,control,66,848.43,11,Health,Wales,1
884,control,31,2002.67,51,Health,London,0
885,control,72,811.55,10,Home,London,0
886,treatment,56,1349.67,45,Health,Scotland,0
887,control,26,400.02,13,Life,Wales,1
888,treatment,38,2479.18,72,Health,Wales,0
889,treatment,72,1864.23,15,Motor,Wales,1
890,treatment,55,2749.38,11,Home,Wales,1
891,treatment,36,2008.19,45,Motor,North West,1
892,treatment,31,608.29,34,Motor,Midlands,1
893,control,45,626.17,23,Life,Midlands,0
894,treatment,46,470.7,41,Home,North West,1
895,control,60,745.52,37,Motor,Midlands,1
896,control,74,725.93,68,Motor,London,1
897,treatment,70,2059.74,42,Health,Wales,0
898,control,69,642.61,24,Life,Scotland,1
899,treatment,36,1948.45,10,Home,Wales,1
900,treatment,65,2531.51,44,Life,North West,1
901,treatment,37,617.27,18,Life,Scotland,1
902,control,74,1991.45,32,Life,London,1
903,treatment,68,2578.21,66,Health,Midlands,1
904,treatment,28,2041.12,42,Home,North West,1
905,control,27,581.94,12,Home,Midlands,0
906,control,57,613.38,36,Health,Scotland,0
907,control,37,2317.13,47,Home,London,1
908,treatment,40,2291.92,31,Health,Midlands,1
909,control,28,2704.32,24,Home,Scotland,1
910,control,48,668.29,30,Life,South East,1
911,treatment,27,2168.97,13,Life,Midlands,1
912,control,54,1429.2,49,Home,South East,0
913,treatment,61,2919.37,35,Motor,North West,0
914,control,38,1897.27,65,Life,London,0
915,treatment,40,1183.7,34,Home,Scotland,0
916,control,27,408.16,66,Motor,North West,0
917,control,69,2517.49,63,Health,Midlands,1
918,treatment,69,2275.82,33,Home,South East,1
919,treatment,26,1595.41,45,Home,Wales,1
920,treatment,54,1552.15,23,Health,Midlands,0
921,control,65,1553.6,6,Motor,North West,0
922,control,58,388.33,60,Life,Wales,0
923,treatment,75,2148.6,48,Motor,Scotland,0
924,control,28,599.61,52,Health,Scotland,1
925,control,36,2050.07,14,Home,Midlands,0
926,treatment,59,606.61,67,Home,Wales,0
927,control,47,2724.42,70,Health,South East,1
928,control,47,1521.51,70,Motor,North West,0
929,control,53,1976.57,14,Home,North West,1
930,control,36,1078.61,15,Motor,Midlands,1
931,treatment,56,706.34,32,Motor,South East,1
932,treatment,55,1236.09,62,Motor,South East,1
933,treatment,39,2554.36,72,Life,North West,1
934,control,56,1902.06,62,Health,South East,1
935,control,35,2431.02,35,Health,South East,0
936,treatment,34,1253.43,64,Home,Scotland,0
937,control,36,2927.66,25,Home,Midlands,1
938,control,61,641.48,39,Life,Midlands,1
939,treatment,67,1155.75,50,Home,South East,1
940,treatment,59,1114.21,9,Health,North West,0
941,control,45,721.34,70,Life,Wales,0
942,control,43,2917.94,24,Health,South East,0
943,control,27,676.44,20,Life,London,1
944,treatment,53,1264.96,47,Motor,Scotland,1
945,treatment,75,2826.3,41,Home,London,1
946,control,68,2113.21,17,Health,Midlands,1
947,treatment,67,1274.88,24,Health,South East,1
948,treatment,43,1231.28,45,Health,Scotland,1
949,control,72,2980.01,62,Life,Midlands,0
950,control,71,2720.36,23,Motor,Midlands,1
951,control,58,2963.92,14,Health,London,1
952,control,51,772.21,65,Home,Midlands,1
953,control,43,1795.44,11,Life,Scotland,1
954,control,39,372.47,6,Home,South East,1
955,control,32,2065.3,42,Health,Midlands,1
956,treatment,26,622.26,41,Health,London,1
957,control,62,1597.31,61,Life,Wales,0
958,treatment,48,1683.82,8,Life,Midlands,1
959,treatment,45,1544.82,23,Life,Midlands,1
960,control,51,2017.87,51,Motor,South East,1
961,treatment,57,823.3,29,Motor,Scotland,0
962,control,45,2532.42,44,Life,Wales,0
963,control,31,1742.93,51,Home,London,1
964,control,48,2402.78,58,Life,Midlands,1
965,treatment,57,897.01,30,Motor,North West,1
966,treatment,32,2510.88,8,Health,South East,1
967,control,33,2506.0,72,Life,Midlands,0
968,treatment,72,2499.35,34,Home,Wales,1
969,treatment,44,638.43,22,Motor,North West,0
970,treatment,29,350.78,67,Health,London,1
971,treatment,75,2081.43,13,Health,London,0
972,treatment,29,1114.44,7,Motor,London,0
973,treatment,62,2733.17,29,Life,London,1
974,control,62,1239.16,26,Home,Scotland,0
975,treatment,62,2360.76,33,Home,South East,1
976,treatment,71,566.45,33,Health,South East,0
977,treatment,53,2118.52,19,Home,South East,0
978,control,38,1688.48,58,Motor,South East,1
979,treatment,58,666.96,52,Life,Scotland,0
980,treatment,45,1633.02,55,Life,North West,1
981,control,68,2935.68,62,Home,Scotland,1
982,control,37,2613.29,66,Life,Midlands,1
983,control,68,583.96,62,Motor,London,1
984,control,69,1894.5,19,Home,London,1
985,treatment,46,840.71,57,Motor,Midlands,0
986,control,42,2365.01,40,Health,South East,1
987,control,56,1680.82,24,Health,London,1
988,control,56,923.22,23,Motor,London,0
989,treatment,56,2130.89,28,Health,Scotland,1
990,treatment,44,1979.31,18,Motor,Wales,0
991,control,75,1558.26,43,Health,North West,1
992,control,59,1775.87,10,Health,London,1
993,control,49,1494.9,10,Motor,Midlands,0
994,control,70,743.19,61,Home,South East,0
995,control,73,595.33,68,Health,North West,1
996,treatment,57,450.49,39,Health,Scotland,0
997,control,74,2940.01,47,Motor,London,1
998,treatment,48,1241.97,9,Life,North West,1
999,control,47,1412.21,13,Home,Midlands,1
1000,control,62,529.34,14,Life,London,1
1001,treatment,59,1180.52,64,Health,Scotland,1
1002,control,42,355.09,66,Motor,South East,1
1003,control,45,1845.85,68,Motor,Wales,0
1004,control,56,1657.48,49,Home,Scotland,1
1005,control,37,1641.77,15,Home,South East,1
1006,control,61,1385.47,34,Motor,Wales,0
1007,treatment,62,1209.46,14,Health,North West,1
1008,treatment,66,2524.1,70,Life,North West,1
1009,control,37,1418.65,38,Health,Wales,0
1010,treatment,26,1995.18,72,Home,Scotland,1
1011,control,42,2830.34,61,Motor,Scotland,1
1012,control,34,949.01,44,Health,North West,1
1013,treatment,65,849.61,58,Life,South East,1
1014,control,68,1923.33,57,Home,London,1
1015,treatment,40,2452.02,45,Health,North West,1
1016,control,52,2046.69,10,Home,Midlands,1
1017,treatment,41,2432.11,41,Home,Wales,0
1018,control,75,353.75,16,Life,Scotland,1
1019,treatment,51,2721.29,17,Health,Wales,0
1020,treatment,32,1841.63,70,Motor,Scotland,1
1021,control,56,2688.33,36,Motor,South East,1
1022,control,72,2308.69,60,Home,Midlands,1
1023,treatment,42,1486.58,38,Motor,North West,1
1024,treatment,45,1773.51,66,Home,South East,0
1025,treatment,48,1583.1,53,Life,London,1
1026,treatment,72,2088.0,12,Home,South East,1
1027,control,65,2887.91,52,Motor,Scotland,0
1028,control,49,321.24,56,Life,South East,1
1029,treatment,44,868.04,26,Health,Wales,1
1030,control,75,391.48,16,Health,North West,0
1031,control,70,1440.39,18,Home,Wales,1
1032,treatment,47,1436.35,47,Health,Wales,1
1033,treatment,66,2032.3,62,Home,London,1
1034,control,45,1854.69,20,Home,Midlands,1
1035,treatment,63,2151.53,46,Health,North West,0
1036,treatment,41,768.39,47,Life,Midlands,1
1037,control,36,1362.43,54,Home,London,0
1038,treatment,30,2930.14,31,Life,Wales,0
1039,treatment,50,1968.61,39,Home,London,0
1040,treatment,61,616.85,61,Health,Wales,1
1041,treatment,70,848.49,40,Life,Wales,1
1042,treatment,52,2612.11,33,Life,Wales,1
1043,control,36,1403.02,24,Motor,South East,0
1044,treatment,64,1517.64,37,Life,Scotland,1
1045,control,30,327.86,23,Life,Wales,1
1046,treatment,70,1335.44,60,Life,London,1
1047,treatment,28,1198.73,36,Health,South East,0
1048,treatment,25,984.87,54,Life,North West,0
1049,treatment,60,411.04,28,Life,Midlands,1
1050,control,54,656.18,46,Health,Midlands,1
1051,control,27,2941.99,69,Life,Wales,1
1052,control,43,2737.54,39,Life,Scotland,1
1053,treatment,45,2289.55,68,Home,Scotland,0
1054,control,28,810.08,12,Home,Midlands,1
1055,control,35,2206.1,61,Motor,North West,1
1056,control,70,1814.31,64,Health,London,0
1057,treatment,32,1243.93,32,Life,Midlands,0
1058,control,61,2705.42,33,Motor,Scotland,0
1059,treatment,51,2785.12,37,Health,Wales,1
1060,control,26,1067.56,21,Health,South East,0
1061,treatment,45,715.19,16,Health,Wales,0
1062,control,65,2879.04,6,Life,London,0
1063,control,45,2858.03,22,Home,London,0
1064,control,45,2455.0,15,Health,London,1
1065,treatment,40,2905.63,57,Motor,London,0
1066,treatment,49,2404.63,42,Home,London,1
1067,control,72,2477.15,45,Home,South East,0
1068,control,57,839.65,63,Health,North West,1
1069,control,30,2342.52,53,Home,North West,0
1070,treatment,27,1686.02,65,Home,Wales,1
1071,treatment,56,1723.65,16,Life,North West,1
1072,control,44,701.24,22,Life,Midlands,0
1073,control,61,428.87,15,Motor,Scotland,1
1074,control,51,555.11,38,Life,South East,0
1075,treatment,32,2299.39,65,Home,Midlands,0
1076,treatment,30,1423.88,44,Life,Scotland,0
1077,control,64,2481.15,49,Home,Midlands,1
1078,control,68,587.09,8,Motor,North West,1
1079,treatment,66,1588.22,57,Health,South East,1
1080,control,69,2119.27,56,Life,London,1
1081,treatment,37,602.16,8,Home,London,1
1082,treatment,66,952.81,30,Motor,South East,0
1083,treatment,55,1439.07,20,Home,Midlands,0
1084,control,56,1573.02,63,Home,Midlands,1
1085,control,28,1201.4,19,Health,North West,0
1086,control,27,1616.24,68,Health,Midlands,0
1087,treatment,52,1856.29,14,Life,Wales,1
1088,control,32,1635.93,50,Health,Wales,1
1089,treatment,43,2260.76,66,Life,North West,1
1090,treatment,62,2754.49,49,Health,Midlands,0
1091,control,51,2549.32,52,Health,Midlands,1
1092,control,69,2322.99,67,Home,Midlands,1
1093,control,31,2442.4,69,Life,Midlands,1
1094,treatment,26,1268.72,39,Life,Wales,1
1095,treatment,29,1211.88,20,Home,London,1
1096,control,41,2982.89,51,Motor,Scotland,1
1097,treatment,69,2658.98,19,Motor,North West,0
1098,treatment,31,2410.46,19,Motor,Scotland,1
1099,treatment,38,2759.66,26,Life,Wales,1
1100,control,71,2650.33,25,Life,South East,0
1101,treatment,37,1485.59,59,Motor,Midlands,0
1102,control,46,1074.25,27,Motor,South East,1
1103,control,48,1999.49,37,Home,Scotland,1
1104,treatment,33,2464.78,58,Health,North West,0
1105,control,26,1494.96,7,Motor,London,1
1106,control,74,743.68,13,Health,London,0
1107,treatment,61,456.09,72,Life,North West,1
1108,control,71,2305.28,50,Motor,South East,0
1109,treatment,69,1390.63,32,Health,Wales,1
1110,control,74,832.7,44,Motor,London,1
1111,control,71,2240.98,22,Life,Midlands,1
1112,control,58,1219.91,26,Motor,London,0
1113,control,40,2547.02,44,Health,Scotland,1
1114,treatment,48,1001.34,70,Life,London,1
1115,treatment,53,1104.5,6,Health,South East,0
1116,treatment,47,1107.84,23,Health,Scotland,0
1117,treatment,45,1694.42,30,Life,North West,1
1118,control,51,521.26,13,Health,Midlands,0
1119,control,29,1297.09,57,Health,South East,0
1120,control,53,2160.35,68,Health,Midlands,1
1121,treatment,56,2220.11,22,Motor,Wales,1
1122,control,27,2315.54,53,Motor,Scotland,0
1123,treatment,32,1297.88,43,Motor,Scotland,1
1124,control,44,2975.75,44,Life,North West,1
1125,treatment,34,2416.24,59,Motor,South East,0
1126,treatment,36,2511.64,68,Motor,London,1
1127,treatment,27,1427.45,45,Health,South East,0
1128,control,71,2550.95,22,Home,Scotland,0
1129,control,67,1512.5,47,Motor,Scotland,0
1130,control,49,928.62,56,Life,Scotland,1
1131,control,72,1048.91,17,Home,Wales,1
1132,control,60,2041.93,16,Home,Scotland,1
1133,treatment,61,1708.74,66,Motor,London,1
1134,treatment,26,1042.4,32,Home,Wales,0
1135,control,30,2478.69,47,Health,Scotland,1
1136,treatment,46,1479.95,59,Motor,Scotland,1
1137,control,30,609.54,18,Home,South East,1
1138,control,74,542.0,45,Health,Wales,1
1139,control,36,373.36,13,Life,North West,1
1140,treatment,51,2711.13,39,Health,London,1
1141,treatment,73,1911.91,36,Health,Scotland,0
1142,control,32,1027.08,46,Health,Scotland,1
1143,control,26,1400.23,35,Motor,South East,0
1144,treatment,40,2360.04,22,Life,Scotland,1
1145,treatment,65,1651.17,24,Life,Scotland,0
1146,treatment,59,2872.05,63,Motor,London,0
1147,control,66,2924.62,6,Motor,North West,1
1148,control,68,1326.41,50,Home,Scotland,0
1149,control,27,735.82,14,Life,London,1
1150,treatment,33,2257.7,41,Health,Midlands,1
1151,control,68,2852.6,39,Health,South East,1
1152,control,46,868.68,48,Motor,Wales,1
1153,treatment,63,1586.63,7,Home,North West,1
1154,control,73,1360.54,16,Motor,Scotland,1
1155,control,68,633.22,54,Life,North West,1
1156,treatment,32,1549.27,30,Health,London,1
1157,treatment,73,1059.06,51,Home,London,0
1158,control,70,897.1,69,Life,London,1
1159,treatment,25,829.43,56,Motor,South East,1
1160,control,35,1789.82,28,Motor,Scotland,1
1161,treatment,33,1000.99,35,Life,Midlands,0
1162,treatment,69,2129.88,38,Health,London,0
1163,treatment,45,1467.88,58,Life,London,1
1164,control,56,1275.97,11,Home,London,1
1165,control,59,1511.93,6,Health,Midlands,1
1166,treatment,72,909.2,60,Motor,Midlands,1
1167,control,44,469.68,18,Motor,North West,1
1168,treatment,62,2452.5,48,Life,Midlands,1
1169,treatment,46,2547.8,48,Home,London,0
1170,control,73,558.31,63,Motor,London,0
1171,treatment,49,1145.85,14,Home,London,0
1172,control,28,1113.97,61,Motor,London,0
1173,treatment,43,2594.81,57,Motor,Scotland,1
1174,treatment,63,2426.18,7,Health,North West,1
1175,control,64,1971.92,49,Motor,North West,1
1176,treatment,31,577.26,14,Home,Scotland,1
1177,control,47,1436.72,62,Home,Midlands,1
1178,treatment,28,644.74,61,Life,South East,1
1179,treatment,34,1567.71,49,Life,South East,0
1180,treatment,28,940.95,12,Health,South East,1
1181,treatment,65,2752.95,14,Life,Midlands,1
1182,control,63,2169.52,48,Life,North West,1
1183,treatment,54,2665.48,11,Health,Midlands,0
1184,treatment,69,921.74,33,Home,North West,0
1185,control,72,1314.96,57,Home,London,1
1186,treatment,47,381.05,20,Home,South East,1
1187,control,27,2933.34,31,Home,South East,1
1188,control,71,770.57,37,Home,Midlands,1
1189,control,31,356.68,23,Health,Wales,0
1190,treatment,46,2827.51,45,Health,Midlands,1
1191,control,67,762.67,61,Motor,London,1
1192,treatment,75,812.03,54,Life,South East,1
1193,treatment,27,2360.32,30,Life,Midlands,1
1194,treatment,65,2448.15,22,Health,Midlands,0
1195,control,75,2091.46,14,Home,Scotland,1
1196,control,56,1701.01,28,Life,Wales,1
1197,control,70,2880.53,66,Life,Scotland,1
1198,treatment,38,892.72,31,Health,Midlands,1
1199,control,52,2699.51,26,Life,South East,1
1200,treatment,73,526.88,62,Life,Midlands,1
1201,control,57,1977.04,60,Health,North West,1
1202,control,56,1155.96,54,Motor,Midlands,1
1203,control,66,504.9,16,Life,Scotland,0
1204,treatment,75,1046.35,35,Motor,London,1
1205,treatment,59,840.83,31,Life,South East,1
1206,control,37,2205.24,23,Life,London,0
1207,control,47,2414.45,57,Health,Scotland,0
1208,treatment,55,2066.05,25,Health,Midlands,1
1209,treatment,55,931.05,65,Health,South East,0
1210,control,37,1457.74,59,Home,North West,1
1211,treatment,48,675.17,22,Life,Wales,1
1212,control,46,908.82,60,Health,Wales,1
1213,control,62,362.75,10,Home,Midlands,0
1214,control,61,2000.57,56,Health,Midlands,0
1215,treatment,59,1343.37,66,Motor,South East,1
1216,control,65,2715.81,17,Home,London,0
1217,treatment,27,2531.48,68,Motor,Midlands,1
1218,control,43,855.91,43,Motor,North West,1
1219,treatment,35,1182.28,58,Health,Midlands,0
1220,treatment,59,1429.72,14,Health,Midlands,1
1221,treatment,44,1466.94,66,Home,Scotland,1
1222,control,62,848.03,64,Life,Midlands,1
1223,treatment,53,472.72,57,Home,Scotland,1
1224,control,54,1549.28,11,Motor,South East,0
1225,control,47,2190.85,44,Health,Scotland,0
1226,treatment,51,972.66,61,Health,North West,0
1227,treatment,69,1835.26,56,Motor,Midlands,0
1228,treatment,42,2682.9,43,Motor,Wales,1
1229,treatment,56,1410.45,21,Life,London,0
1230,control,51,1517.53,38,Home,Scotland,1
1231,treatment,29,2024.94,65,Health,South East,0
1232,treatment,50,401.99,38,Motor,Wales,0
1233,control,67,2321.43,68,Health,London,1
1234,treatment,70,2865.05,23,Health,South East,0
1235,treatment,26,1938.87,28,Life,London,1
1236,control,35,509.48,7,Life,Midlands,0
1237,treatment,38,2228.91,33,Health,Wales,1
1238,treatment,49,2163.94,62,Motor,Scotland,1
1239,control,74,844.69,37,Life,Midlands,1
1240,treatment,51,375.45,7,Life,Midlands,0
1241,treatment,39,2888.61,18,Home,Wales,1
1242,control,57,590.75,47,Life,Scotland,0
1243,treatment,59,1366.67,60,Motor,Midlands,1
1244,control,45,768.78,57,Life,London,1
1245,control,39,478.24,41,Life,London,1
1246,treatment,51,1114.14,69,Motor,Wales,1
1247,treatment,41,2889.39,47,Health,Wales,0
1248,treatment,46,773.39,46,Health,London,1
1249,control,49,1679.77,35,Motor,Midlands,1
1250,treatment,44,938.27,60,Home,Scotland,1
1251,treatment,48,1646.56,31,Home,North West,1
1252,treatment,40,2793.2,62,Life,Midlands,1
1253,treatment,58,2437.81,59,Life,London,1
1254,control,46,954.07,12,Home,Wales,0
1255,treatment,63,2656.31,72,Life,Midlands,1
1256,treatment,29,2648.64,14,Home,London,1
1257,treatment,38,639.01,28,Home,Midlands,1
1258,control,71,1561.1,27,Home,Midlands,1
1259,treatment,44,1070.45,63,Home,South East,0
1260,control,30,2867.74,52,Health,North West,1
1261,control,52,1664.29,61,Home,North West,1
1262,control,52,2605.91,44,Home,Scotland,0
1263,control,49,1551.86,64,Life,North West,1
1264,control,29,1199.73,66,Home,Midlands,0
1265,treatment,25,2626.47,53,Health,North West,0
1266,control,72,1307.49,68,Life,Wales,0
1267,treatment,51,2689.5,21,Health,Scotland,1
1268,control,41,2382.43,50,Health,Wales,0
1269,treatment,66,1340.4,60,Home,Midlands,1
1270,control,65,2207.71,9,Home,South East,0
1271,treatment,41,968.02,26,Motor,London,0
1272,control,50,2206.39,16,Home,North West,1
1273,control,41,2167.96,70,Health,Scotland,1
1274,control,73,2666.28,17,Motor,Wales,1
1275,control,34,1026.36,32,Health,Wales,1
1276,treatment,56,304.26,14,Health,Scotland,1
1277,control,71,1463.56,28,Life,Midlands,0
1278,treatment,56,791.36,20,Health,Scotland,0
1279,treatment,37,459.25,29,Home,South East,0
1280,control,53,1992.46,19,Home,London,1
1281,control,32,1047.26,49,Motor,Scotland,1
1282,control,68,2353.44,7,Motor,South East,0
1283,treatment,67,1872.6,11,Motor,Midlands,1
1284,treatment,49,1928.06,40,Health,North West,0
1285,control,46,1301.12,49,Life,Midlands,0
1286,control,49,1949.18,51,Life,London,1
1287,control,71,2555.64,23,Motor,Scotland,1
1288,control,69,2328.89,37,Life,North West,1
1289,control,57,1415.44,30,Motor,Wales,0
1290,control,26,2011.2,11,Life,Wales,1
1291,control,50,2295.85,16,Life,North West,0
1292,control,67,2614.17,18,Health,South East,0
1293,treatment,58,2665.83,70,Motor,Midlands,1
1294,treatment,44,2547.36,65,Home,North West,0
1295,control,67,1759.8,37,Home,Midlands,0
1296,treatment,31,1474.21,9,Home,South East,0
1297,control,39,2241.77,66,Motor,Wales,1
1298,control,30,2447.96,48,Home,Scotland,0
1299,treatment,66,1226.71,54,Health,Midlands,1
1300,treatment,43,536.74,17,Life,Wales,0
1301,treatment,72,2843.42,53,Home,South East,0
1302,treatment,44,467.09,30,Health,North West,1
1303,control,68,2821.6,22,Home,London,1
1304,control,45,690.69,43,Home,North West,0
1305,treatment,63,1065.16,10,Life,South East,1
1306,treatment,42,2991.49,67,Home,North West,1
1307,control,28,2949.09,48,Home,Wales,1
1308,treatment,69,2286.46,28,Health,Wales,1
1309,treatment,26,1779.45,49,Health,Wales,1
1310,control,73,1356.68,15,Life,South East,0
1311,treatment,69,2611.88,56,Motor,Midlands,1
1312,treatment,70,1121.0,26,Home,North West,0
1313,control,34,866.37,31,Motor,South East,0
1314,treatment,68,2420.85,24,Health,North West,1
1315,treatment,28,559.33,66,Home,London,1
1316,control,62,1471.32,25,Health,Midlands,1
1317,treatment,50,1619.29,28,Health,Wales,0
1318,treatment,74,1551.92,54,Life,Wales,1
1319,control,25,624.0,16,Motor,North West,0
1320,treatment,26,1884.5,67,Life,Wales,0
1321,treatment,49,1607.32,61,Life,Scotland,1
1322,control,29,2227.17,29,Health,Wales,1
1323,control,29,1701.03,21,Home,Wales,0
1324,treatment,63,2177.08,6,Health,South East,1
1325,treatment,61,856.82,26,Motor,Scotland,1
1326,treatment,30,2945.81,70,Life,South East,0
1327,treatment,52,2938.18,6,Home,South East,1
1328,control,67,1742.08,23,Health,Wales,1
1329,control,63,1753.17,32,Motor,Wales,0
1330,treatment,27,807.8,44,Home,Midlands,1
1331,treatment,62,1269.48,22,Health,London,1
1332,control,49,2054.38,26,Health,North West,1
1333,control,68,1448.43,24,Home,London,0
1334,control,65,2181.37,30,Life,Scotland,0
1335,treatment,51,2518.23,46,Health,North West,1
1336,treatment,29,1029.34,20,Health,London,1
1337,treatment,48,2754.96,40,Home,Midlands,1
1338,treatment,49,2944.61,34,Health,London,0
1339,treatment,36,1721.48,45,Health,London,1
1340,control,60,1031.85,18,Motor,Midlands,1
1341,control,36,1231.97,57,Health,Scotland,1
1342,treatment,68,1686.63,25,Home,Midlands,1
1343,control,28,2779.79,53,Home,Wales,1
1344,control,36,1485.19,51,Health,Scotland,1
1345,control,58,2842.53,35,Life,Wales,0
1346,control,51,2380.56,17,Motor,London,0
1347,treatment,35,1853.36,16,Life,Scotland,0
1348,treatment,52,2127.99,23,Health,North West,1
1349,treatment,50,337.53,30,Motor,Wales,1
1350,control,40,2984.4,11,Health,Midlands,0
1351,treatment,36,502.83,23,Life,London,1
1352,control,35,1307.87,20,Life,Wales,1
1353,treatment,43,1107.78,43,Life,Midlands,1
1354,control,38,2792.25,71,Motor,North West,0
1355,control,28,1260.51,64,Life,South East,1
1356,treatment,47,2703.53,29,Health,South East,1
1357,control,56,833.37,71,Home,North West,1
1358,control,25,720.2,38,Home,North West,1
1359,control,48,1456.52,29,Life,London,0
1360,control,35,677.66,61,Motor,South East,0
1361,treatment,32,811.83,11,Home,North West,1
1362,control,27,732.84,31,Health,Wales,0
1363,treatment,51,1620.48,69,Home,South East,0
1364,control,57,2260.19,55,Home,London,0
1365,treatment,33,719.96,70,Motor,Wales,1
1366,control,52,2936.38,7,Health,North West,1
1367,control,30,2354.43,37,Home,Wales,1
1368,treatment,42,2370.16,39,Home,Wales,0
1369,treatment,55,2207.44,19,Home,Midlands,0
1370,treatment,39,625.25,57,Motor,South East,0
1371,treatment,52,347.69,31,Motor,London,1
1372,control,69,2009.94,35,Home,South East,1
1373,treatment,57,1453.1,12,Life,London,1
1374,control,47,2221.28,37,Life,London,1
1375,treatment,28,2083.16,47,Home,South East,1
1376,treatment,52,799.07,68,Life,South East,1
1377,treatment,67,336.89,22,Life,South East,0
1378,control,72,2402.78,53,Home,Wales,1
1379,control,30,2695.42,22,Motor,London,0
1380,treatment,37,2202.58,18,Motor,Scotland,1
1381,control,71,1580.34,31,Home,London,1
1382,control,60,2221.33,50,Life,North West,0
1383,treatment,52,482.81,59,Motor,Midlands,1
1384,treatment,43,422.7,13,Home,Wales,0
1385,control,68,1737.67,71,Motor,Midlands,1
1386,control,60,2404.3,57,Life,Midlands,1
1387,treatment,61,888.08,7,Health,Scotland,0
1388,control,44,2601.68,43,Life,Scotland,1
1389,treatment,27,1740.63,43,Motor,Wales,1
1390,control,33,1030.17,12,Home,Midlands,0
1391,treatment,66,1238.15,53,Life,London,0
1392,control,71,660.75,43,Life,London,0
1393,treatment,47,892.05,41,Home,South East,0
1394,treatment,71,2313.58,54,Life,Wales,1
1395,treatment,53,895.73,40,Home,Scotland,1
1396,control,34,1504.35,61,Life,Midlands,0
1397,treatment,56,790.09,29,Home,Midlands,1
1398,treatment,66,1061.52,45,Home,Midlands,0
1399,treatment,29,687.51,60,Home,North West,0
1400,control,31,2255.63,23,Motor,Scotland,1
1401,control,26,597.1,7,Motor,Midlands,1
1402,treatment,42,685.12,7,Motor,London,1
1403,control,70,529.41,23,Health,Scotland,0
1404,treatment,44,1195.74,25,Home,London,1
1405,control,65,1767.75,8,Motor,London,0
1406,treatment,57,2693.43,59,Home,London,0
1407,treatment,39,1453.27,24,Life,Wales,1
1408,control,68,2687.4,20,Health,Midlands,0
1409,treatment,31,2882.46,42,Life,London,1
1410,treatment,48,2792.96,16,Motor,Scotland,1
1411,control,58,1204.08,29,Health,Midlands,0
1412,control,64,2507.42,50,Motor,South East,0
1413,control,41,2488.94,15,Motor,Midlands,0
1414,treatment,45,699.01,63,Health,London,1
1415,control,71,1051.89,17,Life,Midlands,1
1416,control,47,1162.15,60,Health,Wales,0
1417,control,33,2465.78,37,Health,North West,1
1418,control,59,1747.77,35,Health,London,0
1419,control,58,1860.27,34,Motor,Midlands,1
1420,treatment,26,1278.48,66,Home,London,1
1421,control,48,2591.63,23,Life,North West,1
1422,control,40,868.99,34,Motor,Wales,1
1423,treatment,49,2279.32,60,Life,London,1
1424,treatment,55,2561.08,26,Motor,Midlands,1
1425,treatment,40,508.08,59,Home,Midlands,1
1426,treatment,72,1724.12,44,Health,North West,1
1427,control,75,2041.09,7,Life,London,1
1428,treatment,63,2328.06,70,Home,London,1
1429,control,68,2860.25,64,Life,Scotland,1
1430,treatment,52,2814.92,40,Motor,Scotland,1
1431,treatment,72,872.03,13,Home,North West,1
1432,treatment,69,1564.78,46,Health,North West,1
1433,control,66,1445.4,40,Motor,London,1
1434,control,26,946.73,26,Motor,London,1
1435,treatment,73,2756.15,30,Home,Wales,0
1436,treatment,42,529.61,11,Health,London,1
1437,treatment,44,322.89,51,Life,North West,1
1438,control,73,1354.73,51,Home,Wales,0
1439,control,51,2720.58,70,Motor,Scotland,0
1440,treatment,26,1885.37,54,Health,Scotland,0
1441,treatment,43,735.3,65,Motor,Wales,1
1442,treatment,38,2480.19,24,Home,Scotland,1
1443,control,53,2420.45,49,Life,South East,1
1444,control,27,2704.84,55,Home,Midlands,0
1445,treatment,34,1830.63,69,Motor,London,1
1446,control,60,2642.34,17,Health,London,1
1447,treatment,43,735.98,41,Life,South East,1
1448,treatment,70,2384.24,39,Health,South East,0
1449,control,66,2795.23,21,Health,London,1
1450,control,50,1404.39,22,Health,South East,1
1451,control,48,525.42,58,Health,South East,0
1452,treatment,64,2939.07,13,Home,Wales,0
1453,treatment,34,2603.26,43,Health,Midlands,1
1454,treatment,39,1348.2,65,Motor,South East,1
1455,control,31,531.72,19,Health,North West,1
1456,control,29,1156.67,68,Home,Wales,0
1457,treatment,42,1527.36,25,Health,Midlands,0
1458,control,61,384.57,54,Motor,South East,0
1459,control,38,446.01,8,Health,South East,1
1460,treatment,30,682.69,41,Health,London,1
1461,control,51,1716.9,39,Home,London,1
1462,control,46,2901.09,44,Home,Midlands,1
1463,control,55,1583.85,26,Health,South East,0
1464,control,25,1814.45,31,Motor,Wales,0
1465,treatment,45,2092.97,46,Motor,Midlands,0
1466,treatment,56,2633.61,20,Health,South East,1
1467,treatment,53,2846.97,22,Health,Wales,0
1468,treatment,27,890.28,30,Health,Wales,1
1469,treatment,63,1319.4,50,Home,Midlands,0
1470,treatment,48,2497.2,8,Life,South East,1
1471,treatment,69,1647.65,64,Health,North West,1
1472,control,58,2929.99,48,Motor,Midlands,1
1473,control,36,1792.43,26,Health,North West,1
1474,control,65,1064.77,18,Motor,London,1
1475,treatment,64,2817.74,19,Health,Wales,0
1476,treatment,65,1499.08,10,Life,North West,1
1477,control,60,1328.92,31,Health,London,1
1478,control,51,2751.58,56,Motor,South East,0
1479,control,42,2674.94,39,Life,North West,0
1480,treatment,51,388.22,9,Home,South East,0
1481,control,46,760.11,61,Home,Scotland,0
1482,treatment,64,2039.97,12,Health,Midlands,0
1483,control,71,769.04,46,Home,North West,1
1484,treatment,57,619.61,56,Life,Scotland,1
1485,control,38,551.79,9,Health,London,0
1486,treatment,26,1968.87,16,Health,London,0
1487,treatment,54,2013.05,51,Home,Midlands,1
1488,treatment,44,823.34,37,Health,South East,0
1489,control,30,2824.43,8,Motor,London,1
1490,treatment,31,682.96,39,Home,London,1
1491,control,38,1355.16,68,Motor,North West,1
1492,treatment,38,2155.81,54,Life,Wales,0
1493,treatment,36,1106.64,28,Motor,London,0
1494,control,55,2986.27,6,Home,Scotland,0
1495,treatment,37,1936.5,8,Home,Midlands,0
1496,treatment,38,379.64,23,Home,London,0
1497,treatment,42,1038.9,31,Motor,South East,0
1498,control,54,2312.03,69,Health,Scotland,0
1499,treatment,41,766.99,41,Health,London,1
1500,control,35,2444.07,68,Health,North West,1
1501,control,45,1981.86,55,Health,Midlands,1
1502,control,65,2512.22,63,Home,London,0
1503,control,62,1406.48,51,Health,London,1
1504,control,52,2435.42,51,Home,London,1
1505,control,48,691.61,46,Motor,London,1
1506,treatment,70,1187.95,65,Life,Midlands,1
1507,control,43,1924.87,33,Motor,Scotland,1
1508,treatment,61,2710.19,59,Health,South East,0
1509,treatment,37,434.08,69,Health,London,0
1510,control,32,635.05,27,Life,Scotland,1
1511,treatment,43,348.16,6,Health,South East,1
1512,control,27,2718.74,11,Life,Wales,1
1513,control,31,2540.6,59,Life,South East,1
1514,control,50,515.37,46,Health,Scotland,1
1515,control,69,2956.71,69,Motor,South East,0
1516,treatment,26,904.84,7,Home,London,0
1517,control,39,759.52,30,Life,Scotland,0
1518,treatment,41,2684.96,11,Motor,London,0
1519,treatment,41,1189.19,54,Life,Wales,1
1520,treatment,62,1543.87,22,Life,Midlands,0
1521,control,65,1506.31,21,Home,Scotland,1
1522,control,42,1169.16,67,Home,London,1
1523,control,70,523.54,37,Home,Wales,1
1524,control,28,873.68,33,Health,North West,1
1525,treatment,46,863.39,71,Life,South East,0
1526,treatment,57,585.28,22,Home,South East,1
1527,control,64,1686.35,57,Home,London,1
1528,treatment,68,1129.3,19,Home,North West,0
1529,treatment,40,344.79,64,Home,South East,1
1530,control,47,1017.06,16,Life,North West,1
1531,control,57,1463.29,48,Motor,North West,1
1532,treatment,28,2051.28,60,Home,South East,1
1533,treatment,63,1045.0,69,Health,London,1
1534,treatment,32,892.87,12,Motor,Scotland,1
1535,treatment,59,572.79,34,Health,North West,1
1536,treatment,71,2524.99,40,Health,Midlands,1
1537,treatment,47,2019.63,42,Motor,London,1
1538,control,72,1124.38,36,Home,South East,0
1539,treatment,36,1196.82,64,Home,London,1
1540,control,46,356.23,39,Motor,Midlands,0
1541,treatment,63,1250.79,66,Motor,North West,0
1542,control,32,421.98,8,Life,Midlands,0
1543,treatment,73,695.77,18,Motor,South East,0
1544,control,53,1624.79,50,Life,Wales,1
1545,control,54,336.61,51,Life,Wales,1
1546,control,32,1028.83,72,Motor,Midlands,0
1547,treatment,67,2984.04,51,Health,London,1
1548,control,48,857.03,17,Home,North West,0
1549,control,65,2132.76,63,Home,South East,0
1550,control,46,1355.77,59,Life,South East,1
1551,control,64,632.0,64,Life,South East,1
1552,treatment,56,2803.53,24,Health,Wales,1
1553,control,64,1806.98,26,Life,North West,1
1554,control,25,1525.42,33,Life,Scotland,1
1555,control,44,313.74,51,Motor,London,1
1556,control,43,2420.21,70,Home,London,0
1557,treatment,71,831.16,16,Life,Midlands,1
1558,control,40,2491.61,55,Health,North West,0
1559,treatment,41,2784.52,45,Home,Scotland,1
1560,control,62,675.78,31,Life,Midlands,1
1561,treatment,44,1123.49,44,Health,Scotland,1
1562,control,31,674.25,62,Life,Scotland,0
1563,control,54,1256.32,65,Health,North West,1
1564,treatment,74,1436.48,23,Life,Midlands,1
1565,control,33,1976.4,43,Motor,North West,1
1566,treatment,54,2480.2,72,Health,London,1
1567,control,66,589.03,18,Life,Scotland,1
1568,control,28,627.9,71,Motor,Wales,1
1569,treatment,60,2299.15,69,Home,Midlands,0
1570,treatment,44,1996.25,6,Health,Scotland,0
1571,treatment,29,300.1,21,Motor,Midlands,1
1572,control,26,2548.36,62,Health,London,0
1573,control,50,1606.04,29,Home,Scotland,1
1574,control,67,1966.33,61,Home,Wales,1
1575,treatment,72,2075.16,27,Home,North West,1
1576,control,67,570.05,69,Life,Wales,1
1577,control,69,2459.61,65,Health,North West,1
1578,control,54,624.34,55,Motor,Scotland,1
1579,control,27,2751.89,51,Home,North West,0
1580,control,42,324.62,26,Life,Scotland,0
1581,treatment,47,2736.89,55,Motor,Midlands,1
1582,control,66,2241.86,49,Health,Wales,0
1583,treatment,42,2419.39,44,Health,London,0
1584,control,49,2898.9,29,Life,Midlands,0
1585,control,62,1967.18,57,Motor,London,1
1586,treatment,39,560.66,19,Health,Wales,1
1587,treatment,74,2483.1,36,Motor,Midlands,1
1588,control,73,2927.96,14,Motor,Scotland,1
1589,treatment,72,496.78,53,Motor,Midlands,1
1590,control,49,659.68,31,Home,South East,1
1591,control,39,843.22,26,Health,Scotland,0
1592,treatment,30,1871.69,18,Home,London,0
1593,treatment,48,2390.84,15,Life,Midlands,0
1594,control,37,2547.49,66,Life,South East,1
1595,treatment,29,1484.97,54,Motor,Scotland,1
1596,control,31,618.4,35,Motor,Scotland,0
1597,treatment,39,2517.59,43,Life,North West,1
1598,treatment,35,2913.91,15,Home,Scotland,0
1599,control,50,1970.34,20,Health,South East,0
1600,treatment,46,1437.8,31,Life,London,1
1601,control,73,2091.01,13,Home,North West,1
1602,treatment,47,2948.85,59,Motor,Scotland,1
1603,treatment,42,2252.99,19,Motor,North West,1
1604,control,52,1589.5,35,Motor,London,1
1605,treatment,59,1941.98,54,Motor,Scotland,1
1606,control,74,1318.52,22,Health,Wales,1
1607,treatment,32,1482.47,53,Life,Midlands,1
1608,treatment,40,926.49,7,Home,North West,0
1609,treatment,25,2657.79,37,Motor,London,1
1610,control,36,1063.01,46,Life,Scotland,0
1611,treatment,43,650.23,56,Health,Wales,1
1612,treatment,29,975.54,32,Health,Wales,0
1613,control,39,1497.56,44,Life,Scotland,1
1614,treatment,58,2711.04,46,Motor,London,1
1615,control,70,2866.52,68,Life,London,1
1616,treatment,58,922.45,32,Motor,South East,0
1617,treatment,27,2940.36,62,Health,London,1
1618,treatment,42,1050.51,55,Life,London,1
1619,control,56,350.89,54,Health,North West,1
1620,treatment,49,797.95,61,Motor,Wales,1
1621,control,26,2757.15,49,Life,Scotland,1
1622,treatment,46,2259.62,61,Health,Wales,0
1623,treatment,31,1793.89,42,Health,North West,1
1624,control,35,2892.82,65,Home,Midlands,0
1625,control,68,2867.61,16,Home,Scotland,1
1626,control,27,1961.98,52,Life,Wales,1
1627,treatment,32,1128.62,47,Life,Midlands,1
1628,treatment,53,323.95,10,Life,North West,0
1629,treatment,51,458.18,16,Life,Scotland,1
1630,treatment,53,785.47,41,Life,North West,1
1631,treatment,34,2652.35,12,Home,London,1
1632,treatment,68,1668.14,62,Life,London,1
1633,treatment,28,2869.6,39,Life,London,1
1634,control,59,2239.46,36,Life,London,1
1635,control,32,1679.8,36,Home,South East,0
1636,control,29,2033.09,42,Home,London,1
1637,control,46,2932.77,53,Health,South East,1
1638,treatment,48,420.45,25,Motor,London,0
1639,control,57,2232.57,71,Life,Midlands,1
1640,treatment,67,2260.9,54,Motor,London,0
1641,treatment,61,1659.44,59,Motor,Scotland,0
1642,control,67,1716.01,62,Life,South East,1
1643,control,40,1187.45,52,Home,North West,1
1644,treatment,69,950.83,58,Life,London,1
1645,treatment,48,2063.99,35,Health,North West,1
1646,treatment,59,961.35,58,Home,Scotland,1
1647,control,46,1147.38,16,Health,North West,0
1648,treatment,61,1634.34,31,Home,North West,1
1649,treatment,51,1011.12,66,Motor,Midlands,0
1650,control,26,2163.13,15,Home,Scotland,0
1651,control,52,1256.79,57,Home,Wales,1
1652,control,46,1896.99,19,Motor,London,0
1653,control,53,2758.82,63,Health,South East,0
1654,treatment,71,795.32,71,Motor,Midlands,0
1655,control,68,2053.39,54,Life,North West,1
1656,control,74,561.63,44,Health,South East,1
1657,control,43,1171.56,46,Home,Midlands,1
1658,treatment,52,1701.66,46,Motor,South East,1
1659,treatment,43,1039.39,62,Home,Midlands,1
1660,control,63,2334.37,35,Life,Midlands,1
1661,treatment,26,1915.66,11,Home,London,1
1662,treatment,48,848.48,60,Health,Scotland,1
1663,control,43,2778.59,21,Health,North West,1
1664,treatment,33,2981.31,20,Life,London,0
1665,treatment,71,500.75,26,Life,South East,1
1666,treatment,70,2157.43,10,Health,London,0
1667,control,37,2571.86,10,Motor,Midlands,1
1668,control,39,2118.04,39,Health,Midlands,1
1669,treatment,71,1641.16,22,Home,Wales,0
1670,treatment,25,1472.66,68,Home,Wales,1
1671,control,69,1010.3,54,Home,Wales,1
1672,treatment,44,2569.87,43,Health,North West,0
1673,control,63,1264.25,67,Life,London,1
1674,control,51,2917.28,47,Home,Wales,1
1675,treatment,54,2882.05,20,Life,Wales,1
1676,treatment,74,2681.86,68,Health,Wales,1
1677,control,42,1670.22,58,Motor,Scotland,0
1678,control,68,1157.57,56,Health,North West,1
1679,treatment,42,1610.86,34,Life,Wales,0
1680,control,53,1406.49,27,Home,Wales,1
1681,control,33,1933.4,8,Motor,North West,1
1682,control,47,2370.47,14,Motor,Scotland,1
1683,treatment,35,2563.0,56,Home,South East,0
1684,control,46,1416.17,37,Motor,London,0
1685,treatment,57,1374.43,68,Motor,Midlands,1
1686,treatment,39,2005.2,37,Motor,South East,0
1687,control,66,1382.03,40,Motor,London,1
1688,control,26,339.8,25,Motor,Wales,0
1689,control,37,2544.97,45,Life,North West,1
1690,treatment,44,1039.93,31,Motor,South East,0
1691,control,49,1086.34,17,Home,North West,0
1692,control,43,2750.7,70,Home,North West,1
1693,control,71,1362.84,53,Motor,North West,1
1694,treatment,50,2382.26,63,Life,North West,1
1695,control,46,688.18,16,Motor,Scotland,1
1696,control,62,974.92,24,Health,Scotland,0
1697,treatment,28,2372.0,38,Health,South East,0
1698,treatment,27,1167.9,58,Motor,South East,0
1699,control,59,1649.5,36,Life,North West,0
1700,treatment,31,1449.4,15,Health,Midlands,0
1701,treatment,58,2320.0,27,Home,North West,0
1702,treatment,27,2690.86,69,Home,Wales,0
1703,control,33,2322.28,59,Health,London,1
1704,control,43,2243.85,40,Life,Scotland,0
1705,treatment,34,1083.53,32,Life,Scotland,1
1706,control,54,868.67,48,Home,Midlands,1
1707,control,25,1157.76,28,Home,North West,1
1708,treatment,44,2193.95,31,Motor,Scotland,1
1709,treatment,28,1987.43,26,Motor,South East,1
1710,treatment,47,1997.82,30,Life,South East,0
1711,control,62,2269.17,53,Health,South East,1
1712,treatment,29,1900.13,19,Home,South East,1
1713,treatment,33,2451.59,55,Life,Scotland,0
1714,control,72,2652.61,66,Home,Midlands,1
1715,treatment,38,546.61,24,Home,Midlands,1
1716,treatment,45,510.03,12,Home,Scotland,0
1717,control,67,1573.56,44,Motor,Midlands,1
1718,control,74,1340.93,66,Life,South East,0
1719,control,58,511.14,33,Home,Wales,0
1720,treatment,52,1813.31,68,Life,Wales,1
1721,control,66,1240.09,9,Life,North West,0
1722,control,71,1445.01,30,Health,South East,1
1723,treatment,37,1493.62,30,Motor,Scotland,1
1724,treatment,48,2772.68,70,Motor,Scotland,1
1725,control,66,1592.58,11,Life,South East,0
1726,treatment,70,2804.45,64,Health,Midlands,1
1727,treatment,27,1297.74,25,Home,Midlands,1
1728,treatment,28,1497.12,13,Life,London,0
1729,control,37,2068.78,8,Life,Wales,0
1730,control,70,756.88,52,Motor,Wales,1
1731,treatment,29,820.94,70,Home,Wales,1
1732,treatment,53,420.17,31,Health,Midlands,0
1733,treatment,44,1039.16,50,Motor,South East,1
1734,treatment,61,2811.74,17,Motor,London,1
1735,treatment,36,1157.25,8,Home,London,1
1736,control,54,519.44,37,Life,Wales,0
1737,treatment,72,2340.75,22,Life,London,1
1738,control,36,1053.2,46,Health,Midlands,0
1739,control,37,778.2,43,Life,Wales,1
1740,treatment,56,1258.91,52,Life,Wales,1
1741,treatment,27,2864.1,55,Home,Scotland,1
1742,control,47,2044.22,42,Home,South East,0
1743,control,30,1685.84,32,Life,Midlands,1
1744,treatment,32,1695.98,29,Health,Midlands,1
1745,control,48,1822.18,10,Life,Wales,1
1746,control,25,728.63,66,Life,South East,0
1747,treatment,36,2765.5,45,Home,North West,1
1748,treatment,53,2484.9,64,Health,Wales,1
1749,treatment,41,2253.11,49,Health,Wales,1
1750,treatment,39,2360.57,70,Motor,North West,1
1751,control,61,1382.03,9,Home,Scotland,1
1752,control,63,2906.14,31,Home,Midlands,0
1753,treatment,30,1135.04,24,Life,North West,1
1754,control,25,2078.24,31,Home,South East,1
1755,treatment,40,2615.96,61,Motor,Wales,1
1756,control,25,1588.83,50,Motor,North West,0
1757,control,69,873.73,66,Health,North West,0
1758,treatment,49,646.96,23,Health,South East,0
1759,control,63,1363.4,15,Life,North West,0
1760,treatment,39,2691.09,28,Home,South East,1
1761,treatment,64,1917.76,56,Motor,Wales,1
1762,control,37,419.47,44,Health,London,1
1763,treatment,52,707.02,45,Health,Wales,0
1764,treatment,41,2887.98,59,Home,Midlands,1
1765,treatment,54,2476.82,50,Motor,Wales,0
1766,treatment,35,1161.37,70,Health,Wales,1
1767,control,66,2891.79,57,Health,London,1
1768,control,72,2012.12,63,Life,North West,0
1769,control,32,2420.84,60,Health,Wales,1
1770,treatment,46,2860.14,39,Home,Scotland,0
1771,control,52,431.07,42,Motor,London,0
1772,control,48,435.2,53,Life,North West,1
1773,control,74,2511.76,40,Home,South East,1
1774,treatment,53,1176.51,10,Motor,South East,0
1775,control,40,773.13,18,Home,Wales,1
1776,control,52,2710.34,50,Health,Wales,1
1777,control,27,506.65,53,Motor,Midlands,0
1778,treatment,49,1684.11,16,Life,Wales,0
1779,control,50,360.44,38,Motor,North West,0
1780,treatment,61,1004.63,44,Home,Wales,0
1781,control,61,1576.88,61,Life,Wales,0
1782,treatment,42,1654.22,11,Health,Midlands,0
1783,control,25,1399.39,8,Health,Wales,1
1784,control,54,1917.51,46,Motor,Midlands,1
1785,control,39,472.05,42,Health,Scotland,1
1786,control,59,1350.41,7,Life,South East,1
1787,control,34,1547.26,69,Home,Scotland,0
1788,control,41,1387.93,16,Health,Scotland,0
1789,treatment,38,2319.63,53,Life,South East,0
1790,control,68,1561.93,25,Home,Scotland,1
1791,control,51,2988.73,8,Life,Scotland,0
1792,treatment,49,2787.18,22,Health,Scotland,0
1793,treatment,31,1368.52,33,Motor,Scotland,1
1794,treatment,74,2399.32,57,Health,South East,1
1795,control,63,1052.98,52,Motor,Wales,0
1796,control,57,1746.19,56,Home,North West,1
1797,control,43,2530.57,63,Home,Midlands,1
1798,treatment,59,2540.64,65,Home,Wales,0
1799,control,62,2063.38,59,Health,Midlands,1
1800,treatment,33,1946.21,70,Motor,Scotland,1
1801,control,26,1177.55,37,Home,Scotland,0
1802,treatment,48,361.34,55,Home,Midlands,1
1803,treatment,36,1574.86,31,Life,Midlands,1
1804,treatment,38,1859.53,64,Home,Wales,1
1805,treatment,75,777.57,65,Motor,Scotland,0
1806,treatment,40,1547.97,14,Motor,Wales,1
1807,control,58,2987.94,55,Motor,North West,0
1808,treatment,70,2396.81,9,Health,North West,0
1809,treatment,43,2491.49,11,Life,North West,0
1810,control,52,2426.04,19,Home,South East,0
1811,treatment,71,756.17,58,Life,Midlands,0
1812,control,38,1014.17,48,Motor,North West,0
1813,control,73,960.77,39,Life,South East,0
1814,control,75,1516.02,39,Life,Scotland,1
1815,treatment,34,1708.8,9,Home,South East,1
1816,control,44,2850.94,26,Life,North West,0
1817,control,34,2308.08,22,Home,Scotland,1
1818,control,41,2019.26,9,Home,Scotland,1
1819,treatment,41,1283.24,71,Health,North West,1
1820,treatment,47,2038.4,70,Life,Scotland,1
1821,control,66,756.63,67,Home,North West,0
1822,treatment,67,2856.76,49,Home,South East,1
1823,treatment,42,1943.33,21,Home,South East,1
1824,treatment,72,2583.51,35,Home,South East,1
1825,control,65,566.87,48,Motor,South East,0
1826,treatment,28,1505.91,72,Home,Midlands,1
1827,treatment,69,2828.1,37,Home,Wales,1
1828,treatment,27,2944.32,40,Life,London,0
1829,treatment,33,1710.91,13,Home,Midlands,1
1830,control,54,565.33,12,Life,Wales,1
1831,control,32,1493.12,66,Home,London,1
1832,treatment,63,1615.52,7,Health,London,0
1833,control,74,2035.09,64,Motor,South East,0
1834,control,56,2004.05,48,Health,Scotland,1
1835,control,41,2641.6,37,Life,South East,0
1836,control,65,1488.12,29,Health,London,1
1837,control,56,740.45,14,Health,Wales,1
1838,control,46,2022.28,29,Home,London,0
1839,treatment,44,1654.81,46,Health,London,1
1840,treatment,61,2114.1,47,Home,Midlands,0
1841,treatment,35,1947.33,26,Life,Scotland,0
1842,control,74,2261.46,35,Life,North West,0
1843,control,48,691.46,48,Life,Wales,1
1844,control,52,1820.87,59,Motor,North West,1
1845,control,47,2043.64,23,Health,South East,1
1846,treatment,38,2087.55,38,Life,South East,1
1847,control,75,1332.5,31,Home,Scotland,1
1848,control,31,500.95,26,Life,Wales,0
1849,control,27,2409.32,55,Health,Midlands,1
1850,control,28,573.89,49,Life,Scotland,1
1851,control,32,1573.97,15,Life,Wales,1
1852,treatment,34,1892.48,31,Motor,North West,1
1853,control,60,1733.77,43,Motor,Midlands,0
1854,treatment,75,2187.98,46,Life,North West,1
1855,treatment,36,1167.42,35,Health,South East,1
1856,control,41,1929.77,8,Home,London,0
1857,control,50,2476.37,12,Motor,Scotland,1
1858,control,27,2891.43,47,Health,South East,1
1859,treatment,72,503.99,17,Motor,Scotland,1
1860,treatment,61,2790.74,30,Motor,Wales,1
1861,control,54,1518.48,25,Life,London,1
1862,control,54,1724.83,61,Motor,North West,1
1863,treatment,64,2536.2,8,Motor,Midlands,1
1864,treatment,41,2610.05,47,Health,Wales,1
1865,control,70,2641.56,25,Home,Midlands,1
1866,treatment,31,370.81,11,Home,Scotland,1
1867,treatment,45,2650.5,35,Home,Midlands,1
1868,control,42,929.04,33,Life,London,1
1869,control,32,2552.22,54,Motor,North West,0
1870,treatment,49,432.88,62,Health,Midlands,1
1871,control,62,2499.15,17,Home,Scotland,0
1872,treatment,35,2342.84,21,Health,Wales,1
1873,control,51,815.65,17,Life,North West,1
1874,treatment,54,343.59,54,Health,North West,0
1875,treatment,47,1273.06,45,Motor,North West,0
1876,control,39,2999.21,16,Health,North West,1
1877,control,71,2047.87,47,Motor,Midlands,0
1878,treatment,61,325.04,72,Home,Midlands,1
1879,treatment,28,1909.75,32,Life,South East,1
1880,treatment,51,765.53,72,Home,Wales,0
1881,treatment,48,2673.51,20,Home,London,1
1882,control,50,1988.34,39,Life,London,0
1883,control,26,2699.82,10,Home,North West,1
1884,control,73,1915.97,27,Home,London,1
1885,treatment,30,1433.68,14,Motor,North West,1
1886,control,59,1489.12,6,Life,North West,1
1887,control,33,1171.77,52,Motor,North West,1
1888,treatment,33,892.14,22,Home,Midlands,0
1889,treatment,70,1390.36,19,Home,Midlands,1
1890,control,46,2218.24,65,Life,Midlands,1
1891,control,67,692.1,10,Health,Wales,1
1892,treatment,36,338.67,10,Home,Midlands,1
1893,treatment,61,1598.1,50,Home,Wales,0
1894,control,53,2980.29,64,Life,Scotland,1
1895,control,66,2374.98,49,Life,Midlands,1
1896,control,74,1782.03,18,Life,Scotland,1
1897,control,52,2034.19,22,Motor,Midlands,0
1898,treatment,32,1786.25,43,Home,South East,1
1899,control,60,2957.64,16,Home,North West,0
1900,treatment,34,2568.03,34,Motor,Midlands,0
1901,control,58,1922.53,25,Motor,Scotland,1
1902,treatment,69,2857.34,27,Life,Midlands,1
1903,treatment,65,2012.64,34,Home,Scotland,0
1904,control,37,1051.74,57,Life,North West,0
1905,control,55,1563.61,23,Life,London,1
1906,control,38,2792.24,14,Motor,North West,1
1907,control,35,2364.4,37,Health,Midlands,0
1908,control,62,822.1,50,Motor,Midlands,0
1909,control,33,2710.12,21,Home,Midlands,1
1910,control,73,1184.17,21,Life,Scotland,1
1911,control,39,2083.14,44,Motor,Scotland,0
1912,control,34,490.09,49,Life,London,1
1913,control,32,1992.63,60,Home,Wales,0
1914,control,73,1085.99,72,Motor,London,0
1915,control,40,2647.28,69,Health,North West,1
1916,treatment,74,1056.55,41,Life,Wales,1
1917,control,67,2558.0,51,Motor,London,1
1918,control,40,1881.62,34,Health,Wales,1
1919,control,60,1937.93,54,Health,London,1
1920,treatment,61,556.27,36,Life,Scotland,0
1921,control,50,2239.38,11,Life,Wales,0
1922,control,61,2631.21,10,Health,Wales,0
1923,control,67,2751.82,33,Home,London,1
1924,control,31,1089.15,58,Motor,Wales,1
1925,control,47,2509.59,50,Life,Midlands,1
1926,treatment,45,1537.15,39,Home,Midlands,1
1927,control,72,1383.57,50,Home,North West,0
1928,control,47,1964.29,35,Life,South East,1
1929,treatment,65,1396.38,69,Home,North West,1
1930,control,47,1209.9,62,Life,Midlands,0
1931,control,26,601.0,45,Life,Scotland,0
1932,control,64,2178.22,31,Motor,London,0
1933,control,41,693.57,49,Life,North West,1
1934,control,31,2581.53,43,Motor,South East,0
1935,control,27,963.94,25,Life,London,0
1936,treatment,40,2662.87,62,Home,Midlands,1
1937,treatment,26,2615.33,67,Health,North West,1
1938,treatment,51,802.36,72,Health,Wales,1
1939,control,72,1006.03,52,Life,North West,1
1940,treatment,45,1759.0,15,Home,South East,0
1941,treatment,75,1753.34,22,Motor,Scotland,0
1942,control,31,2479.58,35,Life,Wales,0
1943,treatment,54,1026.66,12,Health,Scotland,1
1944,control,29,2873.54,27,Motor,Scotland,1
1945,treatment,47,1586.89,24,Motor,Wales,1
1946,control,61,980.43,9,Health,North West,0
1947,treatment,50,881.05,63,Life,Scotland,0
1948,control,46,927.92,71,Health,Midlands,0
1949,control,25,2921.4,12,Life,Scotland,1
1950,treatment,64,471.8,58,Home,Wales,1
1951,treatment,36,379.62,69,Motor,South East,1
1952,control,61,2192.51,55,Health,North West,0
1953,treatment,46,794.07,45,Life,Midlands,0
1954,control,56,544.98,39,Health,Midlands,1
1955,treatment,46,1519.66,18,Life,London,0
1956,treatment,60,459.69,53,Motor,Midlands,1
1957,treatment,25,1182.52,45,Motor,Scotland,1
1958,treatment,36,808.9,69,Home,Scotland,1
1959,control,31,2654.66,25,Life,Scotland,1
1960,control,70,2584.13,28,Home,North West,1
1961,treatment,59,2698.23,21,Life,South East,1
1962,treatment,62,1699.92,18,Health,Midlands,1
1963,control,54,2807.24,55,Health,London,0
1964,treatment,46,964.8,24,Home,North West,1
1965,control,27,1267.47,67,Motor,Scotland,1
1966,control,58,1820.09,72,Health,Scotland,1
1967,control,45,665.78,31,Life,Wales,1
1968,control,49,522.45,9,Health,London,1
1969,control,64,1349.78,69,Life,Wales,0
1970,treatment,37,2856.31,45,Home,Wales,1
1971,treatment,59,375.5,44,Health,Midlands,1
1972,treatment,68,2659.0,71,Home,Scotland,1
1973,treatment,38,566.36,29,Home,Wales,1
1974,treatment,56,858.19,7,Motor,North West,1
1975,treatment,43,312.79,36,Life,Midlands,0
1976,treatment,48,2777.48,57,Motor,Midlands,1
1977,treatment,64,2105.04,60,Life,Midlands,0
1978,control,51,2163.76,59,Health,North West,1
1979,treatment,74,1618.18,7,Health,London,0
1980,control,33,2090.0,34,Motor,Wales,1
1981,treatment,75,1619.05,29,Life,Midlands,0
1982,control,68,2230.56,56,Life,Scotland,1
1983,control,31,2354.67,56,Home,London,1
1984,control,37,643.21,10,Health,North West,1
1985,treatment,27,2549.36,29,Motor,Wales,0
1986,treatment,52,1961.37,62,Home,North West,1
1987,treatment,67,2820.76,30,Home,Wales,1
1988,treatment,34,1221.64,38,Home,South East,1
1989,treatment,50,1326.09,43,Motor,Midlands,1
1990,treatment,46,2076.63,62,Motor,North West,1
1991,treatment,63,1727.1,26,Home,Scotland,0
1992,treatment,32,2148.86,58,Motor,Scotland,0
1993,control,48,403.76,19,Home,London,1
1994,treatment,49,2375.48,21,Home,Wales,1
1995,treatment,26,2051.93,66,Health,South East,1
1996,control,53,2757.65,36,Health,Scotland,1
1997,control,55,2782.45,25,Health,Scotland,0
1998,treatment,34,1074.53,28,Health,South East,0
1999,control,72,356.53,44,Home,London,1
2000,treatment,50,637.57,51,Home,North West,1
